Year,Quarter,Skills,Economic Activity,Sub-economic Activity,Jobs ('000),Filled Jobs ('000),Vacancies ('000),Jobs Created ('000)
2025,1,Skilled,Agriculture,Agriculture,28.8,24.4,4.4,0.1
2025,1,Skilled,Mining & Quarrying,Mining & Quarrying,23.5,23.4,0.1,0.1
2025,1,Skilled,Manufacturing,"Food processing, beverages & tobacco products",46.1,43.6,2.4,0.4
2025,1,Skilled,Manufacturing,"Textiles, wearing apparel & leather products",10.4,9.8,0.6,0.0
2025,1,Skilled,Manufacturing,"Wood products, furniture, paper products & printing",36.4,34.4,2.0,0.3
2025,1,Skilled,Manufacturing,"Petroleum, chemical, rubber & plastic products",83.0,78.6,4.4,0.7
2025,1,Skilled,Manufacturing,"Non-metallic mineral products, basic metal & fabricated metal products",63.4,59.6,3.8,0.3
2025,1,Skilled,Manufacturing,"Electrical, electronic & optical products",152.0,142.7,9.3,0.7
2025,1,Skilled,Manufacturing,"Transport equipment, other manufacturing & repair",53.2,50.4,2.8,0.2
2025,1,Skilled,Construction,Construction,142.4,137.9,4.4,0.5
2025,1,Skilled,Services,Wholesale & retail trade,620.9,616.6,4.3,1.6
2025,1,Skilled,Services,Food & beverages and accommodation,118.1,117.8,0.3,0.4
2025,1,Skilled,Services,Transportation & storage,101.0,100.6,0.4,0.8
2025,1,Skilled,Services,Information & communication,139.6,139.3,0.3,0.3
2025,1,Skilled,Services,"Finance, insurance, real estate & business services",439.2,432.0,7.2,1.9
2025,1,Skilled,Services,Other services,217.5,217.0,0.5,0.7
2025,1,Semi-skilled,Agriculture,Agriculture,443.6,422.4,21.2,1.1
2025,1,Semi-skilled,Mining & Quarrying,Mining & Quarrying,47.4,47.1,0.3,0.1
2025,1,Semi-skilled,Manufacturing,"Food processing, beverages & tobacco products",269.4,261.1,8.3,0.3
2025,1,Semi-skilled,Manufacturing,"Textiles, wearing apparel & leather products",74.2,72.4,1.8,0.4
2025,1,Semi-skilled,Manufacturing,"Wood products, furniture, paper products & printing",236.9,230.4,6.5,0.5
2025,1,Semi-skilled,Manufacturing,"Petroleum, chemical, rubber & plastic products",351.8,337.8,14.1,2.2
2025,1,Semi-skilled,Manufacturing,"Non-metallic mineral products, basic metal & fabricated metal products",293.4,285.1,8.3,1.0
2025,1,Semi-skilled,Manufacturing,"Electrical, electronic & optical products",473.8,452.4,21.4,3.4
2025,1,Semi-skilled,Manufacturing,"Transport equipment, other manufacturing & repair",172.8,166.8,6.0,0.7
2025,1,Semi-skilled,Construction,Construction,"1,080.3","1,065.7",14.7,2.6
2025,1,Semi-skilled,Services,Wholesale & retail trade,900.4,898.2,2.2,6.3
2025,1,Semi-skilled,Services,Food & beverages and accommodation,353.7,352.7,1.0,0.3
2025,1,Semi-skilled,Services,Transportation & storage,240.8,240.0,0.8,0.3
2025,1,Semi-skilled,Services,Information & communication,80.4,80.2,0.2,0.3
2025,1,Semi-skilled,Services,"Finance, insurance, real estate & business services",400.6,399.3,1.4,0.6
2025,1,Semi-skilled,Services,Other services,237.8,236.6,1.2,0.5
2025,1,Low-skilled,Agriculture,Agriculture,28.1,22.0,6.1,0.1
2025,1,Low-skilled,Mining & Quarrying,Mining & Quarrying,10.0,9.9,0.1,0.0
2025,1,Low-skilled,Manufacturing,"Food processing, beverages & tobacco products",38.8,34.7,4.2,0.2
2025,1,Low-skilled,Manufacturing,"Textiles, wearing apparel & leather products",5.9,5.1,0.8,0.1
2025,1,Low-skilled,Manufacturing,"Wood products, furniture, paper products & printing",41.3,35.9,5.4,0.1
2025,1,Low-skilled,Manufacturing,"Petroleum, chemical, rubber & plastic products",24.7,23.0,1.8,0.2
2025,1,Low-skilled,Manufacturing,"Non-metallic mineral products, basic metal & fabricated metal products",30.6,27.3,3.3,0.3
2025,1,Low-skilled,Manufacturing,"Electrical, electronic & optical products",23.3,20.0,3.2,0.1
2025,1,Low-skilled,Manufacturing,"Transport equipment, other manufacturing & repair",12.3,11.3,1.0,0.0
2025,1,Low-skilled,Construction,Construction,49.8,43.6,6.3,0.5
2025,1,Low-skilled,Services,Wholesale & retail trade,239.5,236.6,2.9,0.9
2025,1,Low-skilled,Services,Food & beverages and accommodation,340.6,340.2,0.4,0.0
2025,1,Low-skilled,Services,Transportation & storage,93.0,92.6,0.3,0.2
2025,1,Low-skilled,Services,Information & communication,18.0,17.5,0.5,0.1
2025,1,Low-skilled,Services,"Finance, insurance, real estate & business services",103.7,102.9,0.8,0.3
2025,1,Low-skilled,Services,Other services,71.9,71.5,0.4,0.3
2024,4,Skilled,Agriculture,Agriculture,28.9,24.4,4.5,0.2
2024,4,Skilled,Mining & Quarrying,Mining & Quarrying,23.3,23.2,0.1,0.1
2024,4,Skilled,Manufacturing,"Food processing, beverages & tobacco products",45.6,43.3,2.3,0.3
2024,4,Skilled,Manufacturing,"Textiles, wearing apparel & leather products",10.2,9.7,0.6,0.0
2024,4,Skilled,Manufacturing,"Wood products, furniture, paper products & printing",37.0,35.0,2.0,0.2
2024,4,Skilled,Manufacturing,"Petroleum, chemical, rubber & plastic products",83.3,79.0,4.3,0.7
2024,4,Skilled,Manufacturing,"Non-metallic mineral products, basic metal & fabricated metal products",62.7,59.0,3.7,0.3
2024,4,Skilled,Manufacturing,"Electrical, electronic & optical products",152.0,142.7,9.3,0.6
2024,4,Skilled,Manufacturing,"Transport equipment, other manufacturing & repair",53.5,50.7,2.9,0.2
2024,4,Skilled,Construction,Construction,142.8,138.0,4.8,0.4
2024,4,Skilled,Services,Wholesale & retail trade,616.1,611.4,4.7,1.7
2024,4,Skilled,Services,Food & beverages and accommodation,117.9,117.6,0.3,0.3
2024,4,Skilled,Services,Transportation & storage,100.4,100.0,0.4,0.9
2024,4,Skilled,Services,Information & communication,139.4,139.1,0.3,0.3
2024,4,Skilled,Services,"Finance, insurance, real estate & business services",435.6,428.7,6.9,1.6
2024,4,Skilled,Services,Other services,217.5,216.9,0.6,0.6
2024,4,Semi-skilled,Agriculture,Agriculture,444.2,422.9,21.2,1.0
2024,4,Semi-skilled,Mining & Quarrying,Mining & Quarrying,47.2,46.9,0.3,0.1
2024,4,Semi-skilled,Manufacturing,"Food processing, beverages & tobacco products",268.6,260.5,8.1,0.2
2024,4,Semi-skilled,Manufacturing,"Textiles, wearing apparel & leather products",72.9,71.1,1.8,0.4
2024,4,Semi-skilled,Manufacturing,"Wood products, furniture, paper products & printing",239.2,232.8,6.4,0.7
2024,4,Semi-skilled,Manufacturing,"Petroleum, chemical, rubber & plastic products",353.2,339.6,13.6,1.9
2024,4,Semi-skilled,Manufacturing,"Non-metallic mineral products, basic metal & fabricated metal products",292.4,284.3,8.1,0.8
2024,4,Semi-skilled,Manufacturing,"Electrical, electronic & optical products",479.6,457.9,21.7,3.2
2024,4,Semi-skilled,Manufacturing,"Transport equipment, other manufacturing & repair",175.6,169.5,6.1,0.5
2024,4,Semi-skilled,Construction,Construction,"1,079.3","1,064.8",14.5,2.5
2024,4,Semi-skilled,Services,Wholesale & retail trade,896.6,894.4,2.2,6.5
2024,4,Semi-skilled,Services,Food & beverages and accommodation,352.0,351.1,1.0,0.4
2024,4,Semi-skilled,Services,Transportation & storage,239.6,238.9,0.7,0.4
2024,4,Semi-skilled,Services,Information & communication,79.9,79.8,0.1,0.2
2024,4,Semi-skilled,Services,"Finance, insurance, real estate & business services",402.4,401.1,1.3,0.4
2024,4,Semi-skilled,Services,Other services,236.5,235.3,1.2,0.4
2024,4,Low-skilled,Agriculture,Agriculture,28.5,22.3,6.2,0.1
2024,4,Low-skilled,Mining & Quarrying,Mining & Quarrying,10.0,9.9,0.1,0.0
2024,4,Low-skilled,Manufacturing,"Food processing, beverages & tobacco products",38.9,34.8,4.1,0.1
2024,4,Low-skilled,Manufacturing,"Textiles, wearing apparel & leather products",5.9,5.1,0.8,0.1
2024,4,Low-skilled,Manufacturing,"Wood products, furniture, paper products & printing",41.3,35.9,5.4,0.1
2024,4,Low-skilled,Manufacturing,"Petroleum, chemical, rubber & plastic products",25.4,23.6,1.8,0.2
2024,4,Low-skilled,Manufacturing,"Non-metallic mineral products, basic metal & fabricated metal products",30.4,27.1,3.3,0.2
2024,4,Low-skilled,Manufacturing,"Electrical, electronic & optical products",23.3,20.1,3.2,0.2
2024,4,Low-skilled,Manufacturing,"Transport equipment, other manufacturing & repair",12.6,11.5,1.1,0.1
2024,4,Low-skilled,Construction,Construction,50.0,43.6,6.4,0.4
2024,4,Low-skilled,Services,Wholesale & retail trade,235.5,232.7,2.9,0.9
2024,4,Low-skilled,Services,Food & beverages and accommodation,340.5,340.2,0.4,0.1
2024,4,Low-skilled,Services,Transportation & storage,92.7,92.4,0.3,0.2
2024,4,Low-skilled,Services,Information & communication,18.0,17.6,0.5,0.1
2024,4,Low-skilled,Services,"Finance, insurance, real estate & business services",104.1,103.3,0.8,0.2
2024,4,Low-skilled,Services,Other services,71.6,71.3,0.4,0.4
2024,3,Skilled,Agriculture,Agriculture,28.5,24.0,4.5,0.1
2024,3,Skilled,Mining & Quarrying,Mining & Quarrying,23.3,23.2,0.1,0.0
2024,3,Skilled,Manufacturing,"Food processing, beverages & tobacco products",45.4,43.1,2.4,0.3
2024,3,Skilled,Manufacturing,"Textiles, wearing apparel & leather products",10.4,9.8,0.6,0.0
2024,3,Skilled,Manufacturing,"Wood products, furniture, paper products & printing",36.8,34.8,2.0,0.2
2024,3,Skilled,Manufacturing,"Petroleum, chemical, rubber & plastic products",82.6,78.3,4.3,0.7
2024,3,Skilled,Manufacturing,"Non-metallic mineral products, basic metal & fabricated metal products",61.9,58.2,3.7,0.3
2024,3,Skilled,Manufacturing,"Electrical, electronic & optical products",149.7,140.5,9.2,0.7
2024,3,Skilled,Manufacturing,"Transport equipment, other manufacturing & repair",52.9,50.1,2.8,0.2
2024,3,Skilled,Construction,Construction,142.9,138.1,4.7,0.4
2024,3,Skilled,Services,Wholesale & retail trade,613.1,608.4,4.7,1.6
2024,3,Skilled,Services,Food & beverages and accommodation,117.8,117.6,0.3,0.3
2024,3,Skilled,Services,Transportation & storage,99.5,99.1,0.4,1.0
2024,3,Skilled,Services,Information & communication,138.6,138.3,0.3,0.2
2024,3,Skilled,Services,"Finance, insurance, real estate & business services",433.9,427.0,6.9,1.8
2024,3,Skilled,Services,Other services,217.3,216.7,0.6,0.5
2024,3,Semi-skilled,Agriculture,Agriculture,444.2,422.9,21.3,1.1
2024,3,Semi-skilled,Mining & Quarrying,Mining & Quarrying,47.0,46.8,0.3,0.1
2024,3,Semi-skilled,Manufacturing,"Food processing, beverages & tobacco products",267.1,259.5,7.7,0.2
2024,3,Semi-skilled,Manufacturing,"Textiles, wearing apparel & leather products",73.1,71.3,1.8,0.3
2024,3,Semi-skilled,Manufacturing,"Wood products, furniture, paper products & printing",235.5,228.8,6.6,0.6
2024,3,Semi-skilled,Manufacturing,"Petroleum, chemical, rubber & plastic products",350.0,336.5,13.6,2.0
2024,3,Semi-skilled,Manufacturing,"Non-metallic mineral products, basic metal & fabricated metal products",291.6,284.0,7.6,0.8
2024,3,Semi-skilled,Manufacturing,"Electrical, electronic & optical products",480.0,458.6,21.4,3.2
2024,3,Semi-skilled,Manufacturing,"Transport equipment, other manufacturing & repair",175.4,169.4,6.0,0.5
2024,3,Semi-skilled,Construction,Construction,"1,077.1","1,062.8",14.3,2.8
2024,3,Semi-skilled,Services,Wholesale & retail trade,889.1,886.9,2.2,6.6
2024,3,Semi-skilled,Services,Food & beverages and accommodation,350.6,349.6,1.0,0.4
2024,3,Semi-skilled,Services,Transportation & storage,238.5,237.8,0.7,0.3
2024,3,Semi-skilled,Services,Information & communication,79.5,79.4,0.1,0.2
2024,3,Semi-skilled,Services,"Finance, insurance, real estate & business services",401.4,400.1,1.3,0.3
2024,3,Semi-skilled,Services,Other services,234.7,233.5,1.2,0.6
2024,3,Low-skilled,Agriculture,Agriculture,28.3,22.2,6.1,0.1
2024,3,Low-skilled,Mining & Quarrying,Mining & Quarrying,9.9,9.7,0.1,0.0
2024,3,Low-skilled,Manufacturing,"Food processing, beverages & tobacco products",39.0,34.9,4.1,0.1
2024,3,Low-skilled,Manufacturing,"Textiles, wearing apparel & leather products",6.0,5.2,0.8,0.1
2024,3,Low-skilled,Manufacturing,"Wood products, furniture, paper products & printing",40.5,35.2,5.3,0.0
2024,3,Low-skilled,Manufacturing,"Petroleum, chemical, rubber & plastic products",25.3,23.5,1.8,0.2
2024,3,Low-skilled,Manufacturing,"Non-metallic mineral products, basic metal & fabricated metal products",30.3,27.1,3.2,0.2
2024,3,Low-skilled,Manufacturing,"Electrical, electronic & optical products",23.1,19.9,3.2,0.1
2024,3,Low-skilled,Manufacturing,"Transport equipment, other manufacturing & repair",12.6,11.6,1.1,0.0
2024,3,Low-skilled,Construction,Construction,49.8,43.5,6.3,0.5
2024,3,Low-skilled,Services,Wholesale & retail trade,231.8,229.1,2.7,0.9
2024,3,Low-skilled,Services,Food & beverages and accommodation,340.0,339.7,0.3,0.1
2024,3,Low-skilled,Services,Transportation & storage,91.9,91.5,0.3,0.2
2024,3,Low-skilled,Services,Information & communication,18.0,17.5,0.5,0.1
2024,3,Low-skilled,Services,"Finance, insurance, real estate & business services",104.2,103.3,0.9,0.3
2024,3,Low-skilled,Services,Other services,71.5,71.2,0.4,0.2
2024,2,Skilled,Agriculture,Agriculture,28.5,24.1,4.5,0.1
2024,2,Skilled,Mining & Quarrying,Mining & Quarrying,23.7,23.4,0.2,0.1
2024,2,Skilled,Manufacturing,"Food processing, beverages & tobacco products",44.7,42.3,2.4,0.2
2024,2,Skilled,Manufacturing,"Textiles, wearing apparel & leather products",10.3,9.8,0.6,0.0
2024,2,Skilled,Manufacturing,"Wood products, furniture, paper products & printing",36.2,34.3,2.0,0.2
2024,2,Skilled,Manufacturing,"Petroleum, chemical, rubber & plastic products",81.9,77.7,4.2,0.6
2024,2,Skilled,Manufacturing,"Non-metallic mineral products, basic metal & fabricated metal products",60.4,56.8,3.6,0.3
2024,2,Skilled,Manufacturing,"Electrical, electronic & optical products",148.4,139.3,9.1,0.7
2024,2,Skilled,Manufacturing,"Transport equipment, other manufacturing & repair",52.4,49.6,2.8,0.2
2024,2,Skilled,Construction,Construction,143.9,138.7,5.2,0.4
2024,2,Skilled,Services,Wholesale & retail trade,608.9,604.0,5.0,1.5
2024,2,Skilled,Services,Food & beverages and accommodation,117.7,117.5,0.2,0.3
2024,2,Skilled,Services,Transportation & storage,98.9,98.6,0.3,1.0
2024,2,Skilled,Services,Information & communication,138.0,137.7,0.3,0.2
2024,2,Skilled,Services,"Finance, insurance, real estate & business services",431.5,424.4,7.0,1.9
2024,2,Skilled,Services,Other services,217.1,216.6,0.5,0.6
2024,2,Semi-skilled,Agriculture,Agriculture,443.1,421.8,21.3,1.1
2024,2,Semi-skilled,Mining & Quarrying,Mining & Quarrying,47.2,46.9,0.3,0.1
2024,2,Semi-skilled,Manufacturing,"Food processing, beverages & tobacco products",261.6,254.0,7.6,0.2
2024,2,Semi-skilled,Manufacturing,"Textiles, wearing apparel & leather products",73.4,71.7,1.7,0.3
2024,2,Semi-skilled,Manufacturing,"Wood products, furniture, paper products & printing",233.7,227.0,6.8,0.5
2024,2,Semi-skilled,Manufacturing,"Petroleum, chemical, rubber & plastic products",343.8,330.5,13.3,1.9
2024,2,Semi-skilled,Manufacturing,"Non-metallic mineral products, basic metal & fabricated metal products",287.1,279.3,7.8,1.0
2024,2,Semi-skilled,Manufacturing,"Electrical, electronic & optical products",476.3,455.1,21.3,3.0
2024,2,Semi-skilled,Manufacturing,"Transport equipment, other manufacturing & repair",173.7,167.6,6.0,0.6
2024,2,Semi-skilled,Construction,Construction,"1,075.0","1,060.4",14.6,2.8
2024,2,Semi-skilled,Services,Wholesale & retail trade,883.8,881.9,1.9,6.3
2024,2,Semi-skilled,Services,Food & beverages and accommodation,348.2,347.2,1.0,0.4
2024,2,Semi-skilled,Services,Transportation & storage,237.2,236.5,0.7,0.3
2024,2,Semi-skilled,Services,Information & communication,78.9,78.8,0.1,0.3
2024,2,Semi-skilled,Services,"Finance, insurance, real estate & business services",401.4,400.1,1.3,0.6
2024,2,Semi-skilled,Services,Other services,234.1,232.8,1.3,0.5
2024,2,Low-skilled,Agriculture,Agriculture,28.1,22.1,6.1,0.1
2024,2,Low-skilled,Mining & Quarrying,Mining & Quarrying,9.8,9.7,0.1,0.0
2024,2,Low-skilled,Manufacturing,"Food processing, beverages & tobacco products",38.5,34.4,4.1,0.2
2024,2,Low-skilled,Manufacturing,"Textiles, wearing apparel & leather products",6.0,5.3,0.8,0.1
2024,2,Low-skilled,Manufacturing,"Wood products, furniture, paper products & printing",40.1,34.9,5.2,0.0
2024,2,Low-skilled,Manufacturing,"Petroleum, chemical, rubber & plastic products",24.9,23.1,1.8,0.2
2024,2,Low-skilled,Manufacturing,"Non-metallic mineral products, basic metal & fabricated metal products",29.6,26.4,3.2,0.2
2024,2,Low-skilled,Manufacturing,"Electrical, electronic & optical products",23.1,19.9,3.2,0.2
2024,2,Low-skilled,Manufacturing,"Transport equipment, other manufacturing & repair",12.6,11.6,1.1,0.1
2024,2,Low-skilled,Construction,Construction,48.8,42.6,6.2,0.4
2024,2,Low-skilled,Services,Wholesale & retail trade,229.6,226.9,2.7,0.8
2024,2,Low-skilled,Services,Food & beverages and accommodation,338.4,338.0,0.4,0.1
2024,2,Low-skilled,Services,Transportation & storage,91.4,91.1,0.3,0.2
2024,2,Low-skilled,Services,Information & communication,17.9,17.4,0.5,0.1
2024,2,Low-skilled,Services,"Finance, insurance, real estate & business services",104.0,103.2,0.8,0.4
2024,2,Low-skilled,Services,Other services,71.3,71.0,0.4,0.3
2024,1,Skilled,Agriculture,Agriculture,28.3,24.0,4.3,0.2
2024,1,Skilled,Mining & Quarrying,Mining & Quarrying,23.5,23.4,0.1,0.0
2024,1,Skilled,Manufacturing,"Food processing, beverages & tobacco products",44.5,42.2,2.3,0.3
2024,1,Skilled,Manufacturing,"Textiles, wearing apparel & leather products",10.3,9.7,0.6,0.0
2024,1,Skilled,Manufacturing,"Wood products, furniture, paper products & printing",36.5,34.6,2.0,0.2
2024,1,Skilled,Manufacturing,"Petroleum, chemical, rubber & plastic products",83.8,79.4,4.4,0.6
2024,1,Skilled,Manufacturing,"Non-metallic mineral products, basic metal & fabricated metal products",60.1,56.5,3.6,0.3
2024,1,Skilled,Manufacturing,"Electrical, electronic & optical products",147.6,138.5,9.1,0.7
2024,1,Skilled,Manufacturing,"Transport equipment, other manufacturing & repair",52.1,49.3,2.8,0.2
2024,1,Skilled,Construction,Construction,144.8,139.7,5.0,0.5
2024,1,Skilled,Services,Wholesale & retail trade,606.9,601.8,5.0,1.9
2024,1,Skilled,Services,Food & beverages and accommodation,118.1,117.9,0.2,0.5
2024,1,Skilled,Services,Transportation & storage,97.4,97.1,0.3,0.9
2024,1,Skilled,Services,Information & communication,137.8,137.5,0.3,0.2
2024,1,Skilled,Services,"Finance, insurance, real estate & business services",431.6,424.3,7.3,1.9
2024,1,Skilled,Services,Other services,216.9,216.3,0.5,0.5
2024,1,Semi-skilled,Agriculture,Agriculture,442.9,421.2,21.6,1.2
2024,1,Semi-skilled,Mining & Quarrying,Mining & Quarrying,47.3,46.9,0.3,0.2
2024,1,Semi-skilled,Manufacturing,"Food processing, beverages & tobacco products",259.5,252.1,7.4,0.2
2024,1,Semi-skilled,Manufacturing,"Textiles, wearing apparel & leather products",73.7,71.9,1.8,0.4
2024,1,Semi-skilled,Manufacturing,"Wood products, furniture, paper products & printing",234.0,227.4,6.7,0.5
2024,1,Semi-skilled,Manufacturing,"Petroleum, chemical, rubber & plastic products",347.7,333.7,13.9,1.9
2024,1,Semi-skilled,Manufacturing,"Non-metallic mineral products, basic metal & fabricated metal products",288.2,280.1,8.1,0.9
2024,1,Semi-skilled,Manufacturing,"Electrical, electronic & optical products",471.5,450.4,21.1,2.9
2024,1,Semi-skilled,Manufacturing,"Transport equipment, other manufacturing & repair",172.5,166.4,6.0,0.6
2024,1,Semi-skilled,Construction,Construction,"1,073.2","1,058.7",14.5,2.8
2024,1,Semi-skilled,Services,Wholesale & retail trade,880.7,878.8,1.8,6.3
2024,1,Semi-skilled,Services,Food & beverages and accommodation,350.8,349.8,1.0,0.5
2024,1,Semi-skilled,Services,Transportation & storage,237.0,236.3,0.7,0.3
2024,1,Semi-skilled,Services,Information & communication,78.4,78.3,0.1,0.3
2024,1,Semi-skilled,Services,"Finance, insurance, real estate & business services",397.9,396.8,1.1,0.5
2024,1,Semi-skilled,Services,Other services,232.8,231.6,1.2,0.5
2024,1,Low-skilled,Agriculture,Agriculture,28.2,22.1,6.1,0.1
2024,1,Low-skilled,Mining & Quarrying,Mining & Quarrying,9.8,9.7,0.1,0.0
2024,1,Low-skilled,Manufacturing,"Food processing, beverages & tobacco products",38.6,34.5,4.1,0.2
2024,1,Low-skilled,Manufacturing,"Textiles, wearing apparel & leather products",6.0,5.2,0.8,0.1
2024,1,Low-skilled,Manufacturing,"Wood products, furniture, paper products & printing",39.7,34.6,5.1,0.0
2024,1,Low-skilled,Manufacturing,"Petroleum, chemical, rubber & plastic products",25.2,23.4,1.8,0.3
2024,1,Low-skilled,Manufacturing,"Non-metallic mineral products, basic metal & fabricated metal products",29.4,26.2,3.1,0.2
2024,1,Low-skilled,Manufacturing,"Electrical, electronic & optical products",23.0,19.8,3.1,0.1
2024,1,Low-skilled,Manufacturing,"Transport equipment, other manufacturing & repair",12.6,11.5,1.1,0.0
2024,1,Low-skilled,Construction,Construction,48.2,41.9,6.2,0.5
2024,1,Low-skilled,Services,Wholesale & retail trade,223.3,220.6,2.7,0.8
2024,1,Low-skilled,Services,Food & beverages and accommodation,341.0,340.6,0.3,0.1
2024,1,Low-skilled,Services,Transportation & storage,91.1,90.7,0.3,0.2
2024,1,Low-skilled,Services,Information & communication,17.8,17.4,0.5,0.1
2024,1,Low-skilled,Services,"Finance, insurance, real estate & business services",104.3,103.5,0.8,0.4
2024,1,Low-skilled,Services,Other services,71.6,71.2,0.3,0.3
2023,4,Skilled,Agriculture,Agriculture,28.4,24.1,4.4,0.2
2023,4,Skilled,Mining & Quarrying,Mining & Quarrying,23.6,23.4,0.1,0.1
2023,4,Skilled,Manufacturing,"Food processing, beverages & tobacco products",44.2,41.8,2.3,0.2
2023,4,Skilled,Manufacturing,"Textiles, wearing apparel & leather products",10.2,9.6,0.6,0.0
2023,4,Skilled,Manufacturing,"Wood products, furniture, paper products & printing",36.8,34.9,2.0,0.2
2023,4,Skilled,Manufacturing,"Petroleum, chemical, rubber & plastic products",84.4,80.0,4.4,0.6
2023,4,Skilled,Manufacturing,"Non-metallic mineral products, basic metal & fabricated metal products",60.0,56.5,3.6,0.3
2023,4,Skilled,Manufacturing,"Electrical, electronic & optical products",149.9,140.8,9.1,0.7
2023,4,Skilled,Manufacturing,"Transport equipment, other manufacturing & repair",52.9,50.1,2.8,0.2
2023,4,Skilled,Construction,Construction,143.8,138.9,5.0,0.5
2023,4,Skilled,Services,Wholesale & retail trade,606.1,601.0,5.0,2.0
2023,4,Skilled,Services,Food & beverages and accommodation,117.6,117.4,0.2,0.5
2023,4,Skilled,Services,Transportation & storage,96.8,96.5,0.3,0.8
2023,4,Skilled,Services,Information & communication,137.6,137.4,0.3,0.2
2023,4,Skilled,Services,"Finance, insurance, real estate & business services",428.6,421.1,7.4,1.7
2023,4,Skilled,Services,Other services,215.0,214.3,0.7,0.4
2023,4,Semi-skilled,Agriculture,Agriculture,438.9,418.3,20.6,1.1
2023,4,Semi-skilled,Mining & Quarrying,Mining & Quarrying,47.3,47.0,0.3,0.1
2023,4,Semi-skilled,Manufacturing,"Food processing, beverages & tobacco products",255.5,248.1,7.4,0.2
2023,4,Semi-skilled,Manufacturing,"Textiles, wearing apparel & leather products",72.9,71.1,1.7,0.3
2023,4,Semi-skilled,Manufacturing,"Wood products, furniture, paper products & printing",236.0,229.2,6.8,0.5
2023,4,Semi-skilled,Manufacturing,"Petroleum, chemical, rubber & plastic products",351.1,337.3,13.8,1.9
2023,4,Semi-skilled,Manufacturing,"Non-metallic mineral products, basic metal & fabricated metal products",288.1,280.2,7.9,0.9
2023,4,Semi-skilled,Manufacturing,"Electrical, electronic & optical products",476.9,456.0,20.9,2.9
2023,4,Semi-skilled,Manufacturing,"Transport equipment, other manufacturing & repair",174.7,168.8,5.9,0.6
2023,4,Semi-skilled,Construction,Construction,"1,072.4","1,058.0",14.4,2.7
2023,4,Semi-skilled,Services,Wholesale & retail trade,878.9,877.0,1.9,6.2
2023,4,Semi-skilled,Services,Food & beverages and accommodation,350.3,349.2,1.0,0.5
2023,4,Semi-skilled,Services,Transportation & storage,235.9,235.1,0.7,0.2
2023,4,Semi-skilled,Services,Information & communication,78.3,78.2,0.1,0.1
2023,4,Semi-skilled,Services,"Finance, insurance, real estate & business services",396.8,395.7,1.1,0.5
2023,4,Semi-skilled,Services,Other services,233.3,232.2,1.0,0.4
2023,4,Low-skilled,Agriculture,Agriculture,28.2,22.1,6.1,0.1
2023,4,Low-skilled,Mining & Quarrying,Mining & Quarrying,9.8,9.6,0.1,0.0
2023,4,Low-skilled,Manufacturing,"Food processing, beverages & tobacco products",38.4,34.4,4.1,0.2
2023,4,Low-skilled,Manufacturing,"Textiles, wearing apparel & leather products",6.0,5.2,0.8,0.1
2023,4,Low-skilled,Manufacturing,"Wood products, furniture, paper products & printing",40.3,35.2,5.0,0.0
2023,4,Low-skilled,Manufacturing,"Petroleum, chemical, rubber & plastic products",25.5,23.7,1.8,0.3
2023,4,Low-skilled,Manufacturing,"Non-metallic mineral products, basic metal & fabricated metal products",29.4,26.3,3.1,0.2
2023,4,Low-skilled,Manufacturing,"Electrical, electronic & optical products",23.1,20.0,3.1,0.1
2023,4,Low-skilled,Manufacturing,"Transport equipment, other manufacturing & repair",12.7,11.6,1.1,0.0
2023,4,Low-skilled,Construction,Construction,48.5,42.4,6.2,0.5
2023,4,Low-skilled,Services,Wholesale & retail trade,223.1,220.4,2.7,0.7
2023,4,Low-skilled,Services,Food & beverages and accommodation,342.7,342.4,0.4,0.1
2023,4,Low-skilled,Services,Transportation & storage,90.3,90.0,0.3,0.2
2023,4,Low-skilled,Services,Information & communication,17.7,17.3,0.5,0.1
2023,4,Low-skilled,Services,"Finance, insurance, real estate & business services",105.3,104.5,0.8,0.3
2023,4,Low-skilled,Services,Other services,70.9,70.4,0.4,0.3
2023,3,Skilled,Agriculture,Agriculture,28.2,23.9,4.3,0.2
2023,3,Skilled,Mining & Quarrying,Mining & Quarrying,23.7,23.6,0.1,0.0
2023,3,Skilled,Manufacturing,"Food processing, beverages & tobacco products",43.8,41.5,2.4,0.3
2023,3,Skilled,Manufacturing,"Textiles, wearing apparel & leather products",10.2,9.6,0.6,0.0
2023,3,Skilled,Manufacturing,"Wood products, furniture, paper products & printing",36.5,34.6,1.9,0.3
2023,3,Skilled,Manufacturing,"Petroleum, chemical, rubber & plastic products",84.1,79.7,4.5,0.6
2023,3,Skilled,Manufacturing,"Non-metallic mineral products, basic metal & fabricated metal products",59.0,55.6,3.4,0.3
2023,3,Skilled,Manufacturing,"Electrical, electronic & optical products",151.3,142.2,9.1,0.6
2023,3,Skilled,Manufacturing,"Transport equipment, other manufacturing & repair",52.8,50.1,2.8,0.2
2023,3,Skilled,Construction,Construction,143.5,138.6,5.0,0.5
2023,3,Skilled,Services,Wholesale & retail trade,600.6,595.8,4.8,1.7
2023,3,Skilled,Services,Food & beverages and accommodation,116.5,116.3,0.2,0.5
2023,3,Skilled,Services,Transportation & storage,95.6,95.3,0.3,0.8
2023,3,Skilled,Services,Information & communication,136.9,136.6,0.3,0.3
2023,3,Skilled,Services,"Finance, insurance, real estate & business services",426.5,418.3,8.2,2.2
2023,3,Skilled,Services,Other services,212.4,211.8,0.7,0.6
2023,3,Semi-skilled,Agriculture,Agriculture,434.8,414.7,20.1,1.2
2023,3,Semi-skilled,Mining & Quarrying,Mining & Quarrying,47.5,47.2,0.3,0.1
2023,3,Semi-skilled,Manufacturing,"Food processing, beverages & tobacco products",253.9,246.1,7.8,0.3
2023,3,Semi-skilled,Manufacturing,"Textiles, wearing apparel & leather products",71.6,69.9,1.7,0.3
2023,3,Semi-skilled,Manufacturing,"Wood products, furniture, paper products & printing",234.5,227.8,6.7,0.6
2023,3,Semi-skilled,Manufacturing,"Petroleum, chemical, rubber & plastic products",346.8,333.3,13.4,1.8
2023,3,Semi-skilled,Manufacturing,"Non-metallic mineral products, basic metal & fabricated metal products",287.0,279.5,7.5,0.8
2023,3,Semi-skilled,Manufacturing,"Electrical, electronic & optical products",483.6,462.0,21.6,2.8
2023,3,Semi-skilled,Manufacturing,"Transport equipment, other manufacturing & repair",174.1,168.3,5.8,0.6
2023,3,Semi-skilled,Construction,Construction,"1,072.1","1,057.5",14.5,3.0
2023,3,Semi-skilled,Services,Wholesale & retail trade,863.0,861.0,1.9,6.1
2023,3,Semi-skilled,Services,Food & beverages and accommodation,350.2,349.2,1.0,0.5
2023,3,Semi-skilled,Services,Transportation & storage,235.2,234.5,0.8,0.3
2023,3,Semi-skilled,Services,Information & communication,78.8,78.7,0.1,0.2
2023,3,Semi-skilled,Services,"Finance, insurance, real estate & business services",394.9,393.7,1.2,0.4
2023,3,Semi-skilled,Services,Other services,232.9,231.8,1.1,0.6
2023,3,Low-skilled,Agriculture,Agriculture,28.2,22.1,6.1,0.1
2023,3,Low-skilled,Mining & Quarrying,Mining & Quarrying,9.6,9.5,0.1,0.0
2023,3,Low-skilled,Manufacturing,"Food processing, beverages & tobacco products",38.3,34.3,4.0,0.2
2023,3,Low-skilled,Manufacturing,"Textiles, wearing apparel & leather products",5.9,5.2,0.8,0.1
2023,3,Low-skilled,Manufacturing,"Wood products, furniture, paper products & printing",39.9,35.0,4.9,0.0
2023,3,Low-skilled,Manufacturing,"Petroleum, chemical, rubber & plastic products",25.7,23.9,1.8,0.3
2023,3,Low-skilled,Manufacturing,"Non-metallic mineral products, basic metal & fabricated metal products",29.3,26.2,3.1,0.2
2023,3,Low-skilled,Manufacturing,"Electrical, electronic & optical products",23.5,20.4,3.1,0.1
2023,3,Low-skilled,Manufacturing,"Transport equipment, other manufacturing & repair",12.7,11.7,1.1,0.0
2023,3,Low-skilled,Construction,Construction,48.8,42.4,6.4,0.6
2023,3,Low-skilled,Services,Wholesale & retail trade,232.4,229.5,2.9,0.7
2023,3,Low-skilled,Services,Food & beverages and accommodation,341.7,341.3,0.4,0.2
2023,3,Low-skilled,Services,Transportation & storage,89.7,89.2,0.4,0.2
2023,3,Low-skilled,Services,Information & communication,17.8,17.3,0.5,0.1
2023,3,Low-skilled,Services,"Finance, insurance, real estate & business services",105.6,104.7,0.8,0.2
2023,3,Low-skilled,Services,Other services,70.8,70.4,0.4,0.3
2023,2,Skilled,Agriculture,Agriculture,28.3,24.0,4.4,0.2
2023,2,Skilled,Mining & Quarrying,Mining & Quarrying,23.6,23.5,0.1,0.0
2023,2,Skilled,Manufacturing,"Food processing, beverages & tobacco products",42.2,39.8,2.3,0.3
2023,2,Skilled,Manufacturing,"Textiles, wearing apparel & leather products",10.2,9.6,0.6,0.0
2023,2,Skilled,Manufacturing,"Wood products, furniture, paper products & printing",36.3,34.3,1.9,0.3
2023,2,Skilled,Manufacturing,"Petroleum, chemical, rubber & plastic products",83.2,78.6,4.6,0.5
2023,2,Skilled,Manufacturing,"Non-metallic mineral products, basic metal & fabricated metal products",57.5,54.1,3.4,0.3
2023,2,Skilled,Manufacturing,"Electrical, electronic & optical products",150.4,141.2,9.2,0.6
2023,2,Skilled,Manufacturing,"Transport equipment, other manufacturing & repair",52.2,49.5,2.7,0.2
2023,2,Skilled,Construction,Construction,142.8,138.2,4.6,0.5
2023,2,Skilled,Services,Wholesale & retail trade,597.7,592.6,5.1,1.8
2023,2,Skilled,Services,Food & beverages and accommodation,115.0,114.8,0.2,0.5
2023,2,Skilled,Services,Transportation & storage,95.0,94.6,0.4,0.9
2023,2,Skilled,Services,Information & communication,136.4,136.1,0.3,0.3
2023,2,Skilled,Services,"Finance, insurance, real estate & business services",423.4,415.1,8.4,2.2
2023,2,Skilled,Services,Other services,210.7,210.1,0.6,0.5
2023,2,Semi-skilled,Agriculture,Agriculture,425.1,405.0,20.1,1.4
2023,2,Semi-skilled,Mining & Quarrying,Mining & Quarrying,47.1,46.8,0.2,0.1
2023,2,Semi-skilled,Manufacturing,"Food processing, beverages & tobacco products",245.0,237.3,7.7,0.2
2023,2,Semi-skilled,Manufacturing,"Textiles, wearing apparel & leather products",71.8,70.0,1.7,0.3
2023,2,Semi-skilled,Manufacturing,"Wood products, furniture, paper products & printing",232.5,225.9,6.7,0.6
2023,2,Semi-skilled,Manufacturing,"Petroleum, chemical, rubber & plastic products",340.3,327.1,13.2,1.8
2023,2,Semi-skilled,Manufacturing,"Non-metallic mineral products, basic metal & fabricated metal products",280.9,273.5,7.4,0.7
2023,2,Semi-skilled,Manufacturing,"Electrical, electronic & optical products",481.6,459.7,21.9,2.8
2023,2,Semi-skilled,Manufacturing,"Transport equipment, other manufacturing & repair",171.9,166.1,5.9,0.7
2023,2,Semi-skilled,Construction,Construction,"1,067.3","1,053.5",13.8,2.7
2023,2,Semi-skilled,Services,Wholesale & retail trade,852.6,850.4,2.3,6.2
2023,2,Semi-skilled,Services,Food & beverages and accommodation,350.5,349.2,1.3,0.5
2023,2,Semi-skilled,Services,Transportation & storage,234.7,233.9,0.8,0.4
2023,2,Semi-skilled,Services,Information & communication,78.7,78.6,0.1,0.2
2023,2,Semi-skilled,Services,"Finance, insurance, real estate & business services",393.4,392.4,1.0,0.4
2023,2,Semi-skilled,Services,Other services,233.3,232.2,1.1,0.6
2023,2,Low-skilled,Agriculture,Agriculture,28.5,22.3,6.2,0.0
2023,2,Low-skilled,Mining & Quarrying,Mining & Quarrying,9.6,9.6,0.1,0.0
2023,2,Low-skilled,Manufacturing,"Food processing, beverages & tobacco products",37.4,33.4,4.0,0.1
2023,2,Low-skilled,Manufacturing,"Textiles, wearing apparel & leather products",5.9,5.2,0.8,0.1
2023,2,Low-skilled,Manufacturing,"Wood products, furniture, paper products & printing",39.4,34.5,4.9,0.0
2023,2,Low-skilled,Manufacturing,"Petroleum, chemical, rubber & plastic products",25.2,23.4,1.8,0.2
2023,2,Low-skilled,Manufacturing,"Non-metallic mineral products, basic metal & fabricated metal products",28.7,25.6,3.1,0.2
2023,2,Low-skilled,Manufacturing,"Electrical, electronic & optical products",23.4,20.3,3.1,0.1
2023,2,Low-skilled,Manufacturing,"Transport equipment, other manufacturing & repair",12.6,11.6,1.1,0.0
2023,2,Low-skilled,Construction,Construction,49.0,43.7,5.2,0.4
2023,2,Low-skilled,Services,Wholesale & retail trade,231.5,228.6,2.9,0.8
2023,2,Low-skilled,Services,Food & beverages and accommodation,340.4,339.9,0.5,0.2
2023,2,Low-skilled,Services,Transportation & storage,89.6,89.2,0.4,0.2
2023,2,Low-skilled,Services,Information & communication,17.8,17.3,0.4,0.1
2023,2,Low-skilled,Services,"Finance, insurance, real estate & business services",106.3,105.4,0.9,0.2
2023,2,Low-skilled,Services,Other services,70.2,69.8,0.4,0.2
2023,1,Skilled,Agriculture,Agriculture,28.1,23.8,4.3,0.2
2023,1,Skilled,Mining & Quarrying,Mining & Quarrying,23.7,23.5,0.1,0.0
2023,1,Skilled,Manufacturing,"Food processing, beverages & tobacco products",41.8,39.5,2.3,0.3
2023,1,Skilled,Manufacturing,"Textiles, wearing apparel & leather products",10.1,9.5,0.6,0.0
2023,1,Skilled,Manufacturing,"Wood products, furniture, paper products & printing",36.7,34.8,1.9,0.3
2023,1,Skilled,Manufacturing,"Petroleum, chemical, rubber & plastic products",84.0,79.3,4.7,0.6
2023,1,Skilled,Manufacturing,"Non-metallic mineral products, basic metal & fabricated metal products",57.7,54.2,3.4,0.3
2023,1,Skilled,Manufacturing,"Electrical, electronic & optical products",149.9,140.8,9.1,0.6
2023,1,Skilled,Manufacturing,"Transport equipment, other manufacturing & repair",52.3,49.6,2.7,0.2
2023,1,Skilled,Construction,Construction,141.9,137.3,4.6,0.4
2023,1,Skilled,Services,Wholesale & retail trade,595.2,590.5,4.7,1.4
2023,1,Skilled,Services,Food & beverages and accommodation,114.6,114.4,0.2,0.3
2023,1,Skilled,Services,Transportation & storage,92.4,92.2,0.2,0.8
2023,1,Skilled,Services,Information & communication,136.3,135.9,0.4,0.4
2023,1,Skilled,Services,"Finance, insurance, real estate & business services",422.0,412.8,9.2,2.2
2023,1,Skilled,Services,Other services,209.1,208.3,0.8,0.6
2023,1,Semi-skilled,Agriculture,Agriculture,424.8,404.1,20.7,1.3
2023,1,Semi-skilled,Mining & Quarrying,Mining & Quarrying,46.7,46.4,0.2,0.1
2023,1,Semi-skilled,Manufacturing,"Food processing, beverages & tobacco products",241.8,234.6,7.2,0.2
2023,1,Semi-skilled,Manufacturing,"Textiles, wearing apparel & leather products",71.2,69.4,1.8,0.4
2023,1,Semi-skilled,Manufacturing,"Wood products, furniture, paper products & printing",232.9,226.3,6.6,0.6
2023,1,Semi-skilled,Manufacturing,"Petroleum, chemical, rubber & plastic products",347.3,333.6,13.7,1.9
2023,1,Semi-skilled,Manufacturing,"Non-metallic mineral products, basic metal & fabricated metal products",280.7,273.5,7.2,0.8
2023,1,Semi-skilled,Manufacturing,"Electrical, electronic & optical products",477.0,456.0,21.0,2.8
2023,1,Semi-skilled,Manufacturing,"Transport equipment, other manufacturing & repair",172.4,166.3,6.1,0.7
2023,1,Semi-skilled,Construction,Construction,"1,067.3","1,053.8",13.5,2.5
2023,1,Semi-skilled,Services,Wholesale & retail trade,843.2,840.4,2.8,6.5
2023,1,Semi-skilled,Services,Food & beverages and accommodation,351.3,349.1,2.2,0.5
2023,1,Semi-skilled,Services,Transportation & storage,233.7,233.2,0.5,0.5
2023,1,Semi-skilled,Services,Information & communication,78.4,78.2,0.2,0.3
2023,1,Semi-skilled,Services,"Finance, insurance, real estate & business services",393.0,391.7,1.2,0.4
2023,1,Semi-skilled,Services,Other services,233.2,232.1,1.1,0.7
2023,1,Low-skilled,Agriculture,Agriculture,28.2,21.5,6.7,0.1
2023,1,Low-skilled,Mining & Quarrying,Mining & Quarrying,9.8,9.7,0.1,0.0
2023,1,Low-skilled,Manufacturing,"Food processing, beverages & tobacco products",37.2,33.1,4.0,0.2
2023,1,Low-skilled,Manufacturing,"Textiles, wearing apparel & leather products",5.9,5.2,0.8,0.1
2023,1,Low-skilled,Manufacturing,"Wood products, furniture, paper products & printing",40.1,34.9,5.1,0.0
2023,1,Low-skilled,Manufacturing,"Petroleum, chemical, rubber & plastic products",26.0,24.1,1.9,0.2
2023,1,Low-skilled,Manufacturing,"Non-metallic mineral products, basic metal & fabricated metal products",28.8,25.6,3.2,0.2
2023,1,Low-skilled,Manufacturing,"Electrical, electronic & optical products",23.4,20.4,3.1,0.1
2023,1,Low-skilled,Manufacturing,"Transport equipment, other manufacturing & repair",12.7,11.6,1.1,0.0
2023,1,Low-skilled,Construction,Construction,47.4,42.1,5.2,0.3
2023,1,Low-skilled,Services,Wholesale & retail trade,232.7,229.7,3.0,0.7
2023,1,Low-skilled,Services,Food & beverages and accommodation,338.3,338.0,0.3,0.2
2023,1,Low-skilled,Services,Transportation & storage,90.4,89.7,0.7,0.1
2023,1,Low-skilled,Services,Information & communication,17.7,17.3,0.5,0.1
2023,1,Low-skilled,Services,"Finance, insurance, real estate & business services",107.1,106.2,1.0,0.2
2023,1,Low-skilled,Services,Other services,69.3,69.0,0.3,0.2
2022,4,Skilled,Agriculture,Agriculture,28.3,23.9,4.3,0.2
2022,4,Skilled,Mining & Quarrying,Mining & Quarrying,23.4,23.2,0.1,0.0
2022,4,Skilled,Manufacturing,"Food processing, beverages & tobacco products",40.8,38.6,2.3,0.3
2022,4,Skilled,Manufacturing,"Textiles, wearing apparel & leather products",9.9,9.4,0.6,0.0
2022,4,Skilled,Manufacturing,"Wood products, furniture, paper products & printing",36.4,34.6,1.9,0.3
2022,4,Skilled,Manufacturing,"Petroleum, chemical, rubber & plastic products",83.7,79.0,4.7,0.6
2022,4,Skilled,Manufacturing,"Non-metallic mineral products, basic metal & fabricated metal products",57.5,54.1,3.5,0.3
2022,4,Skilled,Manufacturing,"Electrical, electronic & optical products",149.2,140.1,9.1,0.6
2022,4,Skilled,Manufacturing,"Transport equipment, other manufacturing & repair",51.6,48.9,2.7,0.2
2022,4,Skilled,Construction,Construction,141.5,136.9,4.6,0.4
2022,4,Skilled,Services,Wholesale & retail trade,594.6,589.7,4.9,1.3
2022,4,Skilled,Services,Food & beverages and accommodation,114.9,114.4,0.5,0.3
2022,4,Skilled,Services,Transportation & storage,90.1,89.9,0.2,0.9
2022,4,Skilled,Services,Information & communication,135.8,135.4,0.4,0.4
2022,4,Skilled,Services,"Finance, insurance, real estate & business services",414.4,406.3,8.1,2.2
2022,4,Skilled,Services,Other services,208.4,207.6,0.8,0.8
2022,4,Semi-skilled,Agriculture,Agriculture,423.5,402.8,20.7,1.3
2022,4,Semi-skilled,Mining & Quarrying,Mining & Quarrying,46.4,46.1,0.2,0.1
2022,4,Semi-skilled,Manufacturing,"Food processing, beverages & tobacco products",235.9,228.7,7.2,0.2
2022,4,Semi-skilled,Manufacturing,"Textiles, wearing apparel & leather products",70.1,68.3,1.8,0.4
2022,4,Semi-skilled,Manufacturing,"Wood products, furniture, paper products & printing",231.6,225.1,6.5,0.6
2022,4,Semi-skilled,Manufacturing,"Petroleum, chemical, rubber & plastic products",347.2,333.3,13.9,1.8
2022,4,Semi-skilled,Manufacturing,"Non-metallic mineral products, basic metal & fabricated metal products",279.7,272.4,7.3,0.8
2022,4,Semi-skilled,Manufacturing,"Electrical, electronic & optical products",478.0,457.1,20.9,2.8
2022,4,Semi-skilled,Manufacturing,"Transport equipment, other manufacturing & repair",169.8,163.9,6.0,0.6
2022,4,Semi-skilled,Construction,Construction,"1,062.6","1,049.2",13.4,2.5
2022,4,Semi-skilled,Services,Wholesale & retail trade,837.5,834.9,2.5,6.2
2022,4,Semi-skilled,Services,Food & beverages and accommodation,343.9,341.7,2.2,0.6
2022,4,Semi-skilled,Services,Transportation & storage,228.9,228.3,0.5,0.3
2022,4,Semi-skilled,Services,Information & communication,78.5,78.3,0.2,0.3
2022,4,Semi-skilled,Services,"Finance, insurance, real estate & business services",392.8,391.5,1.3,0.4
2022,4,Semi-skilled,Services,Other services,231.9,230.5,1.3,0.8
2022,4,Low-skilled,Agriculture,Agriculture,28.1,21.4,6.7,0.1
2022,4,Low-skilled,Mining & Quarrying,Mining & Quarrying,9.8,9.7,0.1,0.0
2022,4,Low-skilled,Manufacturing,"Food processing, beverages & tobacco products",36.1,32.0,4.0,0.2
2022,4,Low-skilled,Manufacturing,"Textiles, wearing apparel & leather products",6.0,5.2,0.8,0.1
2022,4,Low-skilled,Manufacturing,"Wood products, furniture, paper products & printing",40.1,35.0,5.1,0.0
2022,4,Low-skilled,Manufacturing,"Petroleum, chemical, rubber & plastic products",26.0,24.0,2.0,0.2
2022,4,Low-skilled,Manufacturing,"Non-metallic mineral products, basic metal & fabricated metal products",28.7,25.6,3.1,0.2
2022,4,Low-skilled,Manufacturing,"Electrical, electronic & optical products",23.2,20.1,3.1,0.1
2022,4,Low-skilled,Manufacturing,"Transport equipment, other manufacturing & repair",12.5,11.4,1.1,0.0
2022,4,Low-skilled,Construction,Construction,46.7,41.4,5.3,0.3
2022,4,Low-skilled,Services,Wholesale & retail trade,236.6,233.0,3.6,0.9
2022,4,Low-skilled,Services,Food & beverages and accommodation,335.1,334.6,0.5,0.1
2022,4,Low-skilled,Services,Transportation & storage,92.1,91.2,0.8,0.1
2022,4,Low-skilled,Services,Information & communication,17.6,17.2,0.4,0.1
2022,4,Low-skilled,Services,"Finance, insurance, real estate & business services",108.9,108.0,0.9,0.1
2022,4,Low-skilled,Services,Other services,69.6,69.2,0.4,0.2
2022,3,Skilled,Agriculture,Agriculture,29.2,24.6,4.5,0.2
2022,3,Skilled,Mining & Quarrying,Mining & Quarrying,23.0,22.9,0.1,0.0
2022,3,Skilled,Manufacturing,"Food processing, beverages & tobacco products",39.8,37.6,2.3,0.2
2022,3,Skilled,Manufacturing,"Textiles, wearing apparel & leather products",9.7,9.1,0.6,0.0
2022,3,Skilled,Manufacturing,"Wood products, furniture, paper products & printing",35.9,34.1,1.8,0.3
2022,3,Skilled,Manufacturing,"Petroleum, chemical, rubber & plastic products",83.6,78.9,4.7,0.6
2022,3,Skilled,Manufacturing,"Non-metallic mineral products, basic metal & fabricated metal products",57.2,53.8,3.4,0.2
2022,3,Skilled,Manufacturing,"Electrical, electronic & optical products",146.3,137.2,9.1,0.6
2022,3,Skilled,Manufacturing,"Transport equipment, other manufacturing & repair",51.3,48.5,2.7,0.2
2022,3,Skilled,Construction,Construction,139.5,135.0,4.5,0.4
2022,3,Skilled,Services,Wholesale & retail trade,587.8,584.1,3.7,1.2
2022,3,Skilled,Services,Food & beverages and accommodation,113.9,113.7,0.3,0.2
2022,3,Skilled,Services,Transportation & storage,87.6,87.5,0.1,0.9
2022,3,Skilled,Services,Information & communication,135.7,135.2,0.5,0.8
2022,3,Skilled,Services,"Finance, insurance, real estate & business services",409.4,400.3,9.1,2.1
2022,3,Skilled,Services,Other services,207.5,206.7,0.8,0.8
2022,3,Semi-skilled,Agriculture,Agriculture,413.7,393.8,19.9,1.2
2022,3,Semi-skilled,Mining & Quarrying,Mining & Quarrying,45.6,45.4,0.2,0.1
2022,3,Semi-skilled,Manufacturing,"Food processing, beverages & tobacco products",230.3,223.0,7.2,0.2
2022,3,Semi-skilled,Manufacturing,"Textiles, wearing apparel & leather products",68.4,66.7,1.8,0.3
2022,3,Semi-skilled,Manufacturing,"Wood products, furniture, paper products & printing",230.2,223.7,6.5,0.6
2022,3,Semi-skilled,Manufacturing,"Petroleum, chemical, rubber & plastic products",347.9,334.1,13.8,1.7
2022,3,Semi-skilled,Manufacturing,"Non-metallic mineral products, basic metal & fabricated metal products",277.8,270.5,7.3,0.7
2022,3,Semi-skilled,Manufacturing,"Electrical, electronic & optical products",472.0,451.3,20.8,2.9
2022,3,Semi-skilled,Manufacturing,"Transport equipment, other manufacturing & repair",169.1,163.0,6.1,0.5
2022,3,Semi-skilled,Construction,Construction,"1,053.2","1,040.2",13.0,2.8
2022,3,Semi-skilled,Services,Wholesale & retail trade,828.7,824.2,4.5,4.6
2022,3,Semi-skilled,Services,Food & beverages and accommodation,338.0,336.5,1.5,0.5
2022,3,Semi-skilled,Services,Transportation & storage,229.0,228.3,0.6,1.0
2022,3,Semi-skilled,Services,Information & communication,78.2,77.9,0.2,0.4
2022,3,Semi-skilled,Services,"Finance, insurance, real estate & business services",393.0,391.8,1.2,0.4
2022,3,Semi-skilled,Services,Other services,230.5,229.2,1.3,0.8
2022,3,Low-skilled,Agriculture,Agriculture,27.2,20.7,6.5,0.1
2022,3,Low-skilled,Mining & Quarrying,Mining & Quarrying,9.7,9.6,0.1,0.0
2022,3,Low-skilled,Manufacturing,"Food processing, beverages & tobacco products",35.2,31.2,4.0,0.2
2022,3,Low-skilled,Manufacturing,"Textiles, wearing apparel & leather products",5.9,5.2,0.8,0.1
2022,3,Low-skilled,Manufacturing,"Wood products, furniture, paper products & printing",40.0,34.9,5.0,0.0
2022,3,Low-skilled,Manufacturing,"Petroleum, chemical, rubber & plastic products",26.0,24.0,2.0,0.2
2022,3,Low-skilled,Manufacturing,"Non-metallic mineral products, basic metal & fabricated metal products",28.5,25.3,3.2,0.2
2022,3,Low-skilled,Manufacturing,"Electrical, electronic & optical products",22.9,19.8,3.1,0.1
2022,3,Low-skilled,Manufacturing,"Transport equipment, other manufacturing & repair",12.4,11.3,1.1,0.0
2022,3,Low-skilled,Construction,Construction,44.5,39.2,5.3,0.3
2022,3,Low-skilled,Services,Wholesale & retail trade,240.6,238.1,2.5,1.1
2022,3,Low-skilled,Services,Food & beverages and accommodation,330.9,330.1,0.8,0.1
2022,3,Low-skilled,Services,Transportation & storage,89.4,88.5,0.9,0.1
2022,3,Low-skilled,Services,Information & communication,17.6,17.1,0.5,0.1
2022,3,Low-skilled,Services,"Finance, insurance, real estate & business services",110.4,109.5,0.9,0.3
2022,3,Low-skilled,Services,Other services,71.3,70.8,0.5,0.4
2022,2,Skilled,Agriculture,Agriculture,29.4,24.8,4.6,0.1
2022,2,Skilled,Mining & Quarrying,Mining & Quarrying,23.6,23.5,0.1,0.0
2022,2,Skilled,Manufacturing,"Food processing, beverages & tobacco products",39.0,36.7,2.2,0.2
2022,2,Skilled,Manufacturing,"Textiles, wearing apparel & leather products",9.6,9.1,0.6,0.0
2022,2,Skilled,Manufacturing,"Wood products, furniture, paper products & printing",35.5,33.7,1.8,0.2
2022,2,Skilled,Manufacturing,"Petroleum, chemical, rubber & plastic products",83.0,78.3,4.7,0.5
2022,2,Skilled,Manufacturing,"Non-metallic mineral products, basic metal & fabricated metal products",56.8,53.4,3.5,0.2
2022,2,Skilled,Manufacturing,"Electrical, electronic & optical products",143.0,134.1,8.9,0.5
2022,2,Skilled,Manufacturing,"Transport equipment, other manufacturing & repair",50.7,48.0,2.7,0.2
2022,2,Skilled,Construction,Construction,139.1,134.4,4.7,0.4
2022,2,Skilled,Services,Wholesale & retail trade,586.9,582.5,4.4,1.8
2022,2,Skilled,Services,Food & beverages and accommodation,113.6,113.4,0.2,0.2
2022,2,Skilled,Services,Transportation & storage,85.7,85.6,0.1,0.5
2022,2,Skilled,Services,Information & communication,134.4,133.9,0.6,0.9
2022,2,Skilled,Services,"Finance, insurance, real estate & business services",405.3,396.3,9.0,2.6
2022,2,Skilled,Services,Other services,207.9,206.8,1.2,0.9
2022,2,Semi-skilled,Agriculture,Agriculture,411.9,392.1,19.8,1.2
2022,2,Semi-skilled,Mining & Quarrying,Mining & Quarrying,44.5,44.3,0.2,0.1
2022,2,Semi-skilled,Manufacturing,"Food processing, beverages & tobacco products",225.8,218.6,7.2,0.2
2022,2,Semi-skilled,Manufacturing,"Textiles, wearing apparel & leather products",68.4,66.6,1.8,0.3
2022,2,Semi-skilled,Manufacturing,"Wood products, furniture, paper products & printing",228.2,221.8,6.3,0.5
2022,2,Semi-skilled,Manufacturing,"Petroleum, chemical, rubber & plastic products",341.7,327.8,13.9,1.6
2022,2,Semi-skilled,Manufacturing,"Non-metallic mineral products, basic metal & fabricated metal products",275.8,268.4,7.5,0.7
2022,2,Semi-skilled,Manufacturing,"Electrical, electronic & optical products",464.3,443.8,20.5,2.6
2022,2,Semi-skilled,Manufacturing,"Transport equipment, other manufacturing & repair",167.0,160.9,6.2,0.5
2022,2,Semi-skilled,Construction,Construction,"1,054.4","1,041.7",12.7,2.7
2022,2,Semi-skilled,Services,Wholesale & retail trade,820.8,816.7,4.1,4.3
2022,2,Semi-skilled,Services,Food & beverages and accommodation,335.1,333.7,1.4,0.3
2022,2,Semi-skilled,Services,Transportation & storage,227.0,226.3,0.7,1.0
2022,2,Semi-skilled,Services,Information & communication,77.5,77.2,0.3,0.3
2022,2,Semi-skilled,Services,"Finance, insurance, real estate & business services",391.5,390.3,1.1,0.4
2022,2,Semi-skilled,Services,Other services,230.4,229.0,1.4,0.8
2022,2,Low-skilled,Agriculture,Agriculture,27.6,21.3,6.4,0.1
2022,2,Low-skilled,Mining & Quarrying,Mining & Quarrying,9.5,9.4,0.1,0.0
2022,2,Low-skilled,Manufacturing,"Food processing, beverages & tobacco products",34.8,30.8,4.0,0.2
2022,2,Low-skilled,Manufacturing,"Textiles, wearing apparel & leather products",5.9,5.2,0.8,0.1
2022,2,Low-skilled,Manufacturing,"Wood products, furniture, paper products & printing",39.5,34.6,4.9,0.0
2022,2,Low-skilled,Manufacturing,"Petroleum, chemical, rubber & plastic products",25.3,23.4,2.0,0.2
2022,2,Low-skilled,Manufacturing,"Non-metallic mineral products, basic metal & fabricated metal products",28.4,25.2,3.3,0.2
2022,2,Low-skilled,Manufacturing,"Electrical, electronic & optical products",22.7,19.7,3.1,0.1
2022,2,Low-skilled,Manufacturing,"Transport equipment, other manufacturing & repair",12.5,11.4,1.1,0.0
2022,2,Low-skilled,Construction,Construction,44.9,39.6,5.3,0.4
2022,2,Low-skilled,Services,Wholesale & retail trade,239.2,236.9,2.4,0.6
2022,2,Low-skilled,Services,Food & beverages and accommodation,331.8,331.1,0.7,0.0
2022,2,Low-skilled,Services,Transportation & storage,89.7,88.7,1.0,0.2
2022,2,Low-skilled,Services,Information & communication,18.3,17.7,0.5,0.1
2022,2,Low-skilled,Services,"Finance, insurance, real estate & business services",109.2,108.5,0.7,0.3
2022,2,Low-skilled,Services,Other services,71.2,70.5,0.8,0.2
2022,1,Skilled,Agriculture,Agriculture,29.5,25.0,4.5,0.1
2022,1,Skilled,Mining & Quarrying,Mining & Quarrying,23.5,23.4,0.1,0.0
2022,1,Skilled,Manufacturing,"Food processing, beverages & tobacco products",38.6,36.4,2.2,0.2
2022,1,Skilled,Manufacturing,"Textiles, wearing apparel & leather products",9.7,9.1,0.5,0.0
2022,1,Skilled,Manufacturing,"Wood products, furniture, paper products & printing",35.4,33.6,1.8,0.2
2022,1,Skilled,Manufacturing,"Petroleum, chemical, rubber & plastic products",82.4,77.6,4.8,0.5
2022,1,Skilled,Manufacturing,"Non-metallic mineral products, basic metal & fabricated metal products",57.0,53.4,3.6,0.2
2022,1,Skilled,Manufacturing,"Electrical, electronic & optical products",141.9,133.1,8.8,0.5
2022,1,Skilled,Manufacturing,"Transport equipment, other manufacturing & repair",50.7,48.0,2.7,0.2
2022,1,Skilled,Construction,Construction,140.3,135.6,4.7,0.3
2022,1,Skilled,Services,Wholesale & retail trade,566.8,564.9,1.8,1.1
2022,1,Skilled,Services,Food & beverages and accommodation,114.4,114.2,0.3,0.2
2022,1,Skilled,Services,Transportation & storage,84.0,83.8,0.2,0.9
2022,1,Skilled,Services,Information & communication,134.1,133.7,0.4,0.9
2022,1,Skilled,Services,"Finance, insurance, real estate & business services",402.2,394.5,7.6,2.0
2022,1,Skilled,Services,Other services,206.4,205.7,0.7,0.7
2022,1,Semi-skilled,Agriculture,Agriculture,409.8,390.5,19.3,1.3
2022,1,Semi-skilled,Mining & Quarrying,Mining & Quarrying,44.6,44.4,0.2,0.1
2022,1,Semi-skilled,Manufacturing,"Food processing, beverages & tobacco products",223.3,216.5,6.8,0.2
2022,1,Semi-skilled,Manufacturing,"Textiles, wearing apparel & leather products",68.6,66.9,1.7,0.3
2022,1,Semi-skilled,Manufacturing,"Wood products, furniture, paper products & printing",228.1,222.1,6.0,0.5
2022,1,Semi-skilled,Manufacturing,"Petroleum, chemical, rubber & plastic products",338.6,324.9,13.7,1.6
2022,1,Semi-skilled,Manufacturing,"Non-metallic mineral products, basic metal & fabricated metal products",276.2,268.5,7.7,0.7
2022,1,Semi-skilled,Manufacturing,"Electrical, electronic & optical products",459.2,438.9,20.3,2.4
2022,1,Semi-skilled,Manufacturing,"Transport equipment, other manufacturing & repair",164.9,158.9,6.0,0.4
2022,1,Semi-skilled,Construction,Construction,"1,056.4","1,044.1",12.3,2.7
2022,1,Semi-skilled,Services,Wholesale & retail trade,812.8,809.2,3.6,3.0
2022,1,Semi-skilled,Services,Food & beverages and accommodation,340.1,339.1,1.0,0.4
2022,1,Semi-skilled,Services,Transportation & storage,221.1,220.1,1.0,0.9
2022,1,Semi-skilled,Services,Information & communication,76.6,76.5,0.1,0.2
2022,1,Semi-skilled,Services,"Finance, insurance, real estate & business services",393.4,392.3,1.1,0.1
2022,1,Semi-skilled,Services,Other services,230.4,229.3,1.1,0.5
2022,1,Low-skilled,Agriculture,Agriculture,27.5,21.2,6.3,0.1
2022,1,Low-skilled,Mining & Quarrying,Mining & Quarrying,9.4,9.3,0.1,0.0
2022,1,Low-skilled,Manufacturing,"Food processing, beverages & tobacco products",34.6,30.7,3.9,0.2
2022,1,Low-skilled,Manufacturing,"Textiles, wearing apparel & leather products",6.0,5.2,0.8,0.1
2022,1,Low-skilled,Manufacturing,"Wood products, furniture, paper products & printing",39.7,34.6,5.2,0.0
2022,1,Low-skilled,Manufacturing,"Petroleum, chemical, rubber & plastic products",24.9,22.9,2.0,0.2
2022,1,Low-skilled,Manufacturing,"Non-metallic mineral products, basic metal & fabricated metal products",28.6,25.2,3.4,0.2
2022,1,Low-skilled,Manufacturing,"Electrical, electronic & optical products",22.7,19.6,3.1,0.1
2022,1,Low-skilled,Manufacturing,"Transport equipment, other manufacturing & repair",12.4,11.3,1.1,0.0
2022,1,Low-skilled,Construction,Construction,45.2,40.0,5.2,0.3
2022,1,Low-skilled,Services,Wholesale & retail trade,235.9,233.7,2.2,0.6
2022,1,Low-skilled,Services,Food & beverages and accommodation,336.1,335.2,0.9,0.1
2022,1,Low-skilled,Services,Transportation & storage,90.0,88.6,1.4,0.2
2022,1,Low-skilled,Services,Information & communication,18.4,17.9,0.5,0.1
2022,1,Low-skilled,Services,"Finance, insurance, real estate & business services",109.2,108.5,0.7,0.3
2022,1,Low-skilled,Services,Other services,70.3,69.9,0.5,0.1
2021,4,Skilled,Agriculture,Agriculture,29.3,24.8,4.5,0.1
2021,4,Skilled,Mining & Quarrying,Mining & Quarrying,23.6,23.5,0.1,0.0
2021,4,Skilled,Manufacturing,"Food processing, beverages & tobacco products",38.3,36.1,2.2,0.1
2021,4,Skilled,Manufacturing,"Textiles, wearing apparel & leather products",9.6,9.0,0.5,0.0
2021,4,Skilled,Manufacturing,"Wood products, furniture, paper products & printing",35.4,33.6,1.7,0.2
2021,4,Skilled,Manufacturing,"Petroleum, chemical, rubber & plastic products",81.2,76.5,4.7,0.4
2021,4,Skilled,Manufacturing,"Non-metallic mineral products, basic metal & fabricated metal products",57.1,53.6,3.5,0.2
2021,4,Skilled,Manufacturing,"Electrical, electronic & optical products",140.8,132.2,8.5,0.4
2021,4,Skilled,Manufacturing,"Transport equipment, other manufacturing & repair",49.7,47.0,2.6,0.2
2021,4,Skilled,Construction,Construction,141.4,136.8,4.6,0.3
2021,4,Skilled,Services,Wholesale & retail trade,570.0,567.8,2.2,0.9
2021,4,Skilled,Services,Food & beverages and accommodation,113.4,113.2,0.2,0.2
2021,4,Skilled,Services,Transportation & storage,82.5,82.2,0.3,0.3
2021,4,Skilled,Services,Information & communication,132.6,132.3,0.2,0.6
2021,4,Skilled,Services,"Finance, insurance, real estate & business services",400.2,393.8,6.4,1.7
2021,4,Skilled,Services,Other services,205.1,204.5,0.6,0.4
2021,4,Semi-skilled,Agriculture,Agriculture,412.2,393.0,19.1,1.1
2021,4,Semi-skilled,Mining & Quarrying,Mining & Quarrying,44.8,44.6,0.2,0.1
2021,4,Semi-skilled,Manufacturing,"Food processing, beverages & tobacco products",219.2,212.8,6.3,0.1
2021,4,Semi-skilled,Manufacturing,"Textiles, wearing apparel & leather products",68.1,66.5,1.6,0.3
2021,4,Semi-skilled,Manufacturing,"Wood products, furniture, paper products & printing",226.7,221.0,5.8,0.5
2021,4,Semi-skilled,Manufacturing,"Petroleum, chemical, rubber & plastic products",334.3,321.1,13.2,1.6
2021,4,Semi-skilled,Manufacturing,"Non-metallic mineral products, basic metal & fabricated metal products",274.0,266.7,7.3,0.7
2021,4,Semi-skilled,Manufacturing,"Electrical, electronic & optical products",457.3,437.0,20.3,2.4
2021,4,Semi-skilled,Manufacturing,"Transport equipment, other manufacturing & repair",160.9,155.1,5.8,0.4
2021,4,Semi-skilled,Construction,Construction,"1,061.9","1,049.3",12.5,2.2
2021,4,Semi-skilled,Services,Wholesale & retail trade,799.1,793.7,5.4,2.1
2021,4,Semi-skilled,Services,Food & beverages and accommodation,339.2,337.6,1.6,0.5
2021,4,Semi-skilled,Services,Transportation & storage,215.2,213.6,1.6,0.5
2021,4,Semi-skilled,Services,Information & communication,76.1,76.0,0.1,0.4
2021,4,Semi-skilled,Services,"Finance, insurance, real estate & business services",393.4,392.6,0.7,0.2
2021,4,Semi-skilled,Services,Other services,229.4,228.3,1.1,0.5
2021,4,Low-skilled,Agriculture,Agriculture,27.0,20.8,6.2,0.1
2021,4,Low-skilled,Mining & Quarrying,Mining & Quarrying,9.4,9.4,0.1,0.0
2021,4,Low-skilled,Manufacturing,"Food processing, beverages & tobacco products",34.3,30.4,3.8,0.1
2021,4,Low-skilled,Manufacturing,"Textiles, wearing apparel & leather products",5.9,5.2,0.8,0.1
2021,4,Low-skilled,Manufacturing,"Wood products, furniture, paper products & printing",40.0,34.8,5.2,0.0
2021,4,Low-skilled,Manufacturing,"Petroleum, chemical, rubber & plastic products",25.1,23.0,2.0,0.2
2021,4,Low-skilled,Manufacturing,"Non-metallic mineral products, basic metal & fabricated metal products",28.5,25.1,3.3,0.2
2021,4,Low-skilled,Manufacturing,"Electrical, electronic & optical products",22.9,19.8,3.1,0.1
2021,4,Low-skilled,Manufacturing,"Transport equipment, other manufacturing & repair",12.2,11.1,1.1,0.0
2021,4,Low-skilled,Construction,Construction,46.0,41.1,4.8,0.3
2021,4,Low-skilled,Services,Wholesale & retail trade,233.0,229.8,3.2,0.0
2021,4,Low-skilled,Services,Food & beverages and accommodation,335.3,334.1,1.2,0.0
2021,4,Low-skilled,Services,Transportation & storage,90.0,88.4,1.6,0.0
2021,4,Low-skilled,Services,Information & communication,18.8,18.3,0.4,0.1
2021,4,Low-skilled,Services,"Finance, insurance, real estate & business services",111.2,110.5,0.7,0.1
2021,4,Low-skilled,Services,Other services,69.6,69.3,0.3,0.1
2021,3,Skilled,Agriculture,Agriculture,29.2,24.8,4.4,0.1
2021,3,Skilled,Mining & Quarrying,Mining & Quarrying,23.6,23.5,0.1,0.0
2021,3,Skilled,Manufacturing,"Food processing, beverages & tobacco products",37.7,35.5,2.1,0.1
2021,3,Skilled,Manufacturing,"Textiles, wearing apparel & leather products",9.3,8.8,0.5,0.0
2021,3,Skilled,Manufacturing,"Wood products, furniture, paper products & printing",34.9,33.3,1.6,0.2
2021,3,Skilled,Manufacturing,"Petroleum, chemical, rubber & plastic products",80.5,75.9,4.6,0.3
2021,3,Skilled,Manufacturing,"Non-metallic mineral products, basic metal & fabricated metal products",56.9,53.5,3.4,0.1
2021,3,Skilled,Manufacturing,"Electrical, electronic & optical products",137.8,129.4,8.4,0.3
2021,3,Skilled,Manufacturing,"Transport equipment, other manufacturing & repair",49.3,46.6,2.6,0.2
2021,3,Skilled,Construction,Construction,135.3,131.2,4.1,0.2
2021,3,Skilled,Services,Wholesale & retail trade,555.2,553.4,1.8,0.6
2021,3,Skilled,Services,Food & beverages and accommodation,110.7,110.5,0.2,0.0
2021,3,Skilled,Services,Transportation & storage,79.2,79.0,0.2,0.2
2021,3,Skilled,Services,Information & communication,131.9,131.6,0.3,0.5
2021,3,Skilled,Services,"Finance, insurance, real estate & business services",399.6,392.6,7.0,1.5
2021,3,Skilled,Services,Other services,204.2,203.6,0.6,0.3
2021,3,Semi-skilled,Agriculture,Agriculture,411.8,393.6,18.2,0.6
2021,3,Semi-skilled,Mining & Quarrying,Mining & Quarrying,45.2,45.0,0.2,0.1
2021,3,Semi-skilled,Manufacturing,"Food processing, beverages & tobacco products",217.4,211.2,6.1,0.0
2021,3,Semi-skilled,Manufacturing,"Textiles, wearing apparel & leather products",65.0,63.5,1.5,0.3
2021,3,Semi-skilled,Manufacturing,"Wood products, furniture, paper products & printing",225.3,220.0,5.3,0.3
2021,3,Semi-skilled,Manufacturing,"Petroleum, chemical, rubber & plastic products",330.6,318.7,11.9,1.3
2021,3,Semi-skilled,Manufacturing,"Non-metallic mineral products, basic metal & fabricated metal products",270.5,263.2,7.2,0.5
2021,3,Semi-skilled,Manufacturing,"Electrical, electronic & optical products",447.6,427.6,20.0,2.2
2021,3,Semi-skilled,Manufacturing,"Transport equipment, other manufacturing & repair",157.3,152.0,5.4,0.3
2021,3,Semi-skilled,Construction,Construction,"1,051.6","1,039.5",12.1,1.9
2021,3,Semi-skilled,Services,Wholesale & retail trade,774.9,772.3,2.6,1.2
2021,3,Semi-skilled,Services,Food & beverages and accommodation,332.4,331.1,1.3,0.1
2021,3,Semi-skilled,Services,Transportation & storage,208.0,206.6,1.4,0.2
2021,3,Semi-skilled,Services,Information & communication,75.5,75.4,0.1,0.2
2021,3,Semi-skilled,Services,"Finance, insurance, real estate & business services",396.5,395.7,0.8,0.1
2021,3,Semi-skilled,Services,Other services,227.9,226.8,1.2,0.1
2021,3,Low-skilled,Agriculture,Agriculture,27.1,21.0,6.1,0.1
2021,3,Low-skilled,Mining & Quarrying,Mining & Quarrying,9.5,9.4,0.1,0.0
2021,3,Low-skilled,Manufacturing,"Food processing, beverages & tobacco products",34.5,30.5,4.0,0.1
2021,3,Low-skilled,Manufacturing,"Textiles, wearing apparel & leather products",5.6,5.0,0.7,0.1
2021,3,Low-skilled,Manufacturing,"Wood products, furniture, paper products & printing",38.8,34.1,4.6,0.0
2021,3,Low-skilled,Manufacturing,"Petroleum, chemical, rubber & plastic products",26.2,24.4,1.7,0.2
2021,3,Low-skilled,Manufacturing,"Non-metallic mineral products, basic metal & fabricated metal products",28.1,24.7,3.5,0.2
2021,3,Low-skilled,Manufacturing,"Electrical, electronic & optical products",20.9,17.9,2.9,0.1
2021,3,Low-skilled,Manufacturing,"Transport equipment, other manufacturing & repair",12.0,11.0,1.0,0.0
2021,3,Low-skilled,Construction,Construction,44.2,40.0,4.2,0.2
2021,3,Low-skilled,Services,Wholesale & retail trade,227.8,224.3,3.5,0.1
2021,3,Low-skilled,Services,Food & beverages and accommodation,331.6,330.4,1.2,0.0
2021,3,Low-skilled,Services,Transportation & storage,87.2,85.8,1.5,0.1
2021,3,Low-skilled,Services,Information & communication,18.9,18.6,0.4,0.0
2021,3,Low-skilled,Services,"Finance, insurance, real estate & business services",110.7,110.0,0.7,0.0
2021,3,Low-skilled,Services,Other services,69.5,69.1,0.5,0.1
2021,2,Skilled,Agriculture,Agriculture,29.2,24.8,4.4,0.1
2021,2,Skilled,Mining & Quarrying,Mining & Quarrying,23.6,23.5,0.1,0.0
2021,2,Skilled,Manufacturing,"Food processing, beverages & tobacco products",37.5,35.4,2.1,0.1
2021,2,Skilled,Manufacturing,"Textiles, wearing apparel & leather products",9.2,8.8,0.5,0.0
2021,2,Skilled,Manufacturing,"Wood products, furniture, paper products & printing",34.2,32.6,1.6,0.2
2021,2,Skilled,Manufacturing,"Petroleum, chemical, rubber & plastic products",80.5,75.9,4.6,0.4
2021,2,Skilled,Manufacturing,"Non-metallic mineral products, basic metal & fabricated metal products",57.0,53.5,3.5,0.2
2021,2,Skilled,Manufacturing,"Electrical, electronic & optical products",135.3,126.9,8.4,0.3
2021,2,Skilled,Manufacturing,"Transport equipment, other manufacturing & repair",49.1,46.3,2.8,0.2
2021,2,Skilled,Construction,Construction,136.3,132.0,4.3,0.3
2021,2,Skilled,Services,Wholesale & retail trade,547.6,545.3,2.3,0.5
2021,2,Skilled,Services,Food & beverages and accommodation,110.4,110.0,0.3,0.0
2021,2,Skilled,Services,Transportation & storage,79.7,79.1,0.6,0.4
2021,2,Skilled,Services,Information & communication,131.3,131.0,0.2,0.4
2021,2,Skilled,Services,"Finance, insurance, real estate & business services",399.2,392.9,6.3,1.7
2021,2,Skilled,Services,Other services,204.3,203.5,0.8,0.3
2021,2,Semi-skilled,Agriculture,Agriculture,409.4,390.7,18.8,0.5
2021,2,Semi-skilled,Mining & Quarrying,Mining & Quarrying,45.8,45.6,0.2,0.1
2021,2,Semi-skilled,Manufacturing,"Food processing, beverages & tobacco products",214.8,208.6,6.3,0.0
2021,2,Semi-skilled,Manufacturing,"Textiles, wearing apparel & leather products",64.5,63.0,1.5,0.3
2021,2,Semi-skilled,Manufacturing,"Wood products, furniture, paper products & printing",217.3,212.0,5.2,0.3
2021,2,Semi-skilled,Manufacturing,"Petroleum, chemical, rubber & plastic products",330.1,318.4,11.7,1.5
2021,2,Semi-skilled,Manufacturing,"Non-metallic mineral products, basic metal & fabricated metal products",268.9,261.6,7.3,0.5
2021,2,Semi-skilled,Manufacturing,"Electrical, electronic & optical products",442.5,422.1,20.4,2.5
2021,2,Semi-skilled,Manufacturing,"Transport equipment, other manufacturing & repair",154.7,149.4,5.2,0.2
2021,2,Semi-skilled,Construction,Construction,"1,055.9","1,044.0",12.0,2.1
2021,2,Semi-skilled,Services,Wholesale & retail trade,761.7,757.7,4.0,1.2
2021,2,Semi-skilled,Services,Food & beverages and accommodation,319.4,317.8,1.6,0.1
2021,2,Semi-skilled,Services,Transportation & storage,208.9,207.2,1.7,0.3
2021,2,Semi-skilled,Services,Information & communication,74.8,74.7,0.1,0.1
2021,2,Semi-skilled,Services,"Finance, insurance, real estate & business services",398.4,397.5,0.8,0.1
2021,2,Semi-skilled,Services,Other services,227.8,226.5,1.2,0.1
2021,2,Low-skilled,Agriculture,Agriculture,26.9,20.8,6.0,0.1
2021,2,Low-skilled,Mining & Quarrying,Mining & Quarrying,9.5,9.4,0.1,0.0
2021,2,Low-skilled,Manufacturing,"Food processing, beverages & tobacco products",34.7,30.7,4.0,0.1
2021,2,Low-skilled,Manufacturing,"Textiles, wearing apparel & leather products",5.4,4.8,0.6,0.1
2021,2,Low-skilled,Manufacturing,"Wood products, furniture, paper products & printing",36.3,31.7,4.6,0.0
2021,2,Low-skilled,Manufacturing,"Petroleum, chemical, rubber & plastic products",26.8,24.4,2.5,0.3
2021,2,Low-skilled,Manufacturing,"Non-metallic mineral products, basic metal & fabricated metal products",28.0,24.5,3.6,0.2
2021,2,Low-skilled,Manufacturing,"Electrical, electronic & optical products",20.0,17.1,2.9,0.1
2021,2,Low-skilled,Manufacturing,"Transport equipment, other manufacturing & repair",11.8,10.7,1.1,0.0
2021,2,Low-skilled,Construction,Construction,44.5,40.0,4.5,0.3
2021,2,Low-skilled,Services,Wholesale & retail trade,228.2,224.8,3.4,0.1
2021,2,Low-skilled,Services,Food & beverages and accommodation,333.3,332.2,1.2,0.0
2021,2,Low-skilled,Services,Transportation & storage,87.2,85.7,1.5,0.1
2021,2,Low-skilled,Services,Information & communication,18.9,18.7,0.2,0.0
2021,2,Low-skilled,Services,"Finance, insurance, real estate & business services",111.4,110.6,0.8,0.0
2021,2,Low-skilled,Services,Other services,69.8,69.3,0.5,0.0
2021,1,Skilled,Agriculture,Agriculture,29.3,25.0,4.3,0.1
2021,1,Skilled,Mining & Quarrying,Mining & Quarrying,23.7,23.5,0.1,0.0
2021,1,Skilled,Manufacturing,"Food processing, beverages & tobacco products",37.3,35.2,2.1,0.1
2021,1,Skilled,Manufacturing,"Textiles, wearing apparel & leather products",8.9,8.5,0.4,0.0
2021,1,Skilled,Manufacturing,"Wood products, furniture, paper products & printing",34.5,32.8,1.7,0.2
2021,1,Skilled,Manufacturing,"Petroleum, chemical, rubber & plastic products",78.5,73.8,4.7,0.3
2021,1,Skilled,Manufacturing,"Non-metallic mineral products, basic metal & fabricated metal products",57.8,54.2,3.6,0.2
2021,1,Skilled,Manufacturing,"Electrical, electronic & optical products",131.9,124.3,7.6,0.2
2021,1,Skilled,Manufacturing,"Transport equipment, other manufacturing & repair",49.4,46.6,2.8,0.2
2021,1,Skilled,Construction,Construction,138.7,134.3,4.4,0.3
2021,1,Skilled,Services,Wholesale & retail trade,545.4,543.2,2.2,0.7
2021,1,Skilled,Services,Food & beverages and accommodation,111.2,110.8,0.4,0.0
2021,1,Skilled,Services,Transportation & storage,79.7,79.0,0.7,0.5
2021,1,Skilled,Services,Information & communication,130.9,130.6,0.3,0.4
2021,1,Skilled,Services,"Finance, insurance, real estate & business services",399.6,394.1,5.5,1.8
2021,1,Skilled,Services,Other services,205.5,204.7,0.9,0.4
2021,1,Semi-skilled,Agriculture,Agriculture,411.4,393.1,18.3,0.6
2021,1,Semi-skilled,Mining & Quarrying,Mining & Quarrying,46.3,46.1,0.2,0.1
2021,1,Semi-skilled,Manufacturing,"Food processing, beverages & tobacco products",216.8,208.2,8.6,0.1
2021,1,Semi-skilled,Manufacturing,"Textiles, wearing apparel & leather products",65.0,63.6,1.4,0.3
2021,1,Semi-skilled,Manufacturing,"Wood products, furniture, paper products & printing",223.4,217.9,5.5,0.2
2021,1,Semi-skilled,Manufacturing,"Petroleum, chemical, rubber & plastic products",324.6,313.4,11.2,1.3
2021,1,Semi-skilled,Manufacturing,"Non-metallic mineral products, basic metal & fabricated metal products",270.1,263.0,7.1,0.5
2021,1,Semi-skilled,Manufacturing,"Electrical, electronic & optical products",442.3,422.2,20.1,3.0
2021,1,Semi-skilled,Manufacturing,"Transport equipment, other manufacturing & repair",153.4,148.6,4.7,0.2
2021,1,Semi-skilled,Construction,Construction,"1,070.7","1,058.3",12.3,2.2
2021,1,Semi-skilled,Services,Wholesale & retail trade,777.1,773.1,3.9,1.2
2021,1,Semi-skilled,Services,Food & beverages and accommodation,337.0,335.4,1.6,0.1
2021,1,Semi-skilled,Services,Transportation & storage,210.6,209.0,1.6,0.2
2021,1,Semi-skilled,Services,Information & communication,74.2,74.1,0.1,0.1
2021,1,Semi-skilled,Services,"Finance, insurance, real estate & business services",401.2,400.5,0.7,0.3
2021,1,Semi-skilled,Services,Other services,229.3,228.0,1.3,0.1
2021,1,Low-skilled,Agriculture,Agriculture,26.9,21.0,5.9,0.1
2021,1,Low-skilled,Mining & Quarrying,Mining & Quarrying,9.5,9.5,0.1,0.0
2021,1,Low-skilled,Manufacturing,"Food processing, beverages & tobacco products",35.3,31.1,4.3,0.1
2021,1,Low-skilled,Manufacturing,"Textiles, wearing apparel & leather products",6.1,5.4,0.7,0.1
2021,1,Low-skilled,Manufacturing,"Wood products, furniture, paper products & printing",37.2,32.9,4.3,0.0
2021,1,Low-skilled,Manufacturing,"Petroleum, chemical, rubber & plastic products",27.6,24.8,2.8,0.4
2021,1,Low-skilled,Manufacturing,"Non-metallic mineral products, basic metal & fabricated metal products",27.0,23.7,3.3,0.1
2021,1,Low-skilled,Manufacturing,"Electrical, electronic & optical products",20.4,17.5,2.9,0.1
2021,1,Low-skilled,Manufacturing,"Transport equipment, other manufacturing & repair",12.8,11.7,1.1,0.0
2021,1,Low-skilled,Construction,Construction,46.1,41.5,4.5,0.3
2021,1,Low-skilled,Services,Wholesale & retail trade,232.6,229.2,3.4,0.4
2021,1,Low-skilled,Services,Food & beverages and accommodation,341.1,339.9,1.2,0.0
2021,1,Low-skilled,Services,Transportation & storage,86.4,84.9,1.5,0.2
2021,1,Low-skilled,Services,Information & communication,19.0,18.8,0.2,0.0
2021,1,Low-skilled,Services,"Finance, insurance, real estate & business services",110.1,109.3,0.9,0.0
2021,1,Low-skilled,Services,Other services,69.8,69.2,0.5,0.0
2020,4,Skilled,Agriculture,Agriculture,29.8,25.3,4.5,0.1
2020,4,Skilled,Mining & Quarrying,Mining & Quarrying,24.4,24.2,0.1,0.0
2020,4,Skilled,Manufacturing,"Food processing, beverages & tobacco products",37.0,34.9,2.1,0.0
2020,4,Skilled,Manufacturing,"Textiles, wearing apparel & leather products",9.1,8.6,0.5,0.0
2020,4,Skilled,Manufacturing,"Wood products, furniture, paper products & printing",34.2,32.5,1.6,0.1
2020,4,Skilled,Manufacturing,"Petroleum, chemical, rubber & plastic products",78.0,73.6,4.4,0.3
2020,4,Skilled,Manufacturing,"Non-metallic mineral products, basic metal & fabricated metal products",57.4,53.9,3.5,0.1
2020,4,Skilled,Manufacturing,"Electrical, electronic & optical products",131.7,124.0,7.7,0.2
2020,4,Skilled,Manufacturing,"Transport equipment, other manufacturing & repair",49.1,46.3,2.7,0.2
2020,4,Skilled,Construction,Construction,143.7,139.2,4.5,0.3
2020,4,Skilled,Services,Wholesale & retail trade,546.2,544.6,1.7,0.6
2020,4,Skilled,Services,Food & beverages and accommodation,112.0,111.5,0.4,0.1
2020,4,Skilled,Services,Transportation & storage,78.4,78.1,0.3,0.2
2020,4,Skilled,Services,Information & communication,129.6,129.3,0.3,0.6
2020,4,Skilled,Services,"Finance, insurance, real estate & business services",399.5,394.2,5.4,1.7
2020,4,Skilled,Services,Other services,205.4,204.6,0.8,0.4
2020,4,Semi-skilled,Agriculture,Agriculture,415.7,396.6,19.1,0.6
2020,4,Semi-skilled,Mining & Quarrying,Mining & Quarrying,45.5,45.3,0.2,0.1
2020,4,Semi-skilled,Manufacturing,"Food processing, beverages & tobacco products",214.4,206.8,7.6,0.1
2020,4,Semi-skilled,Manufacturing,"Textiles, wearing apparel & leather products",65.8,64.0,1.8,0.2
2020,4,Semi-skilled,Manufacturing,"Wood products, furniture, paper products & printing",221.7,217.3,4.3,0.3
2020,4,Semi-skilled,Manufacturing,"Petroleum, chemical, rubber & plastic products",323.9,312.8,11.1,1.3
2020,4,Semi-skilled,Manufacturing,"Non-metallic mineral products, basic metal & fabricated metal products",268.6,262.0,6.6,0.8
2020,4,Semi-skilled,Manufacturing,"Electrical, electronic & optical products",444.8,424.0,20.9,2.3
2020,4,Semi-skilled,Manufacturing,"Transport equipment, other manufacturing & repair",154.7,149.8,4.8,0.3
2020,4,Semi-skilled,Construction,Construction,"1,089.8","1,077.7",12.1,2.1
2020,4,Semi-skilled,Services,Wholesale & retail trade,775.9,772.8,3.1,1.4
2020,4,Semi-skilled,Services,Food & beverages and accommodation,337.2,335.5,1.7,0.3
2020,4,Semi-skilled,Services,Transportation & storage,210.0,208.6,1.4,0.1
2020,4,Semi-skilled,Services,Information & communication,74.8,74.7,0.0,0.2
2020,4,Semi-skilled,Services,"Finance, insurance, real estate & business services",406.7,404.8,1.9,0.3
2020,4,Semi-skilled,Services,Other services,229.3,227.8,1.5,0.1
2020,4,Low-skilled,Agriculture,Agriculture,27.2,21.2,6.0,0.1
2020,4,Low-skilled,Mining & Quarrying,Mining & Quarrying,9.5,9.4,0.1,0.0
2020,4,Low-skilled,Manufacturing,"Food processing, beverages & tobacco products",34.7,31.1,3.6,0.1
2020,4,Low-skilled,Manufacturing,"Textiles, wearing apparel & leather products",6.4,5.5,0.8,0.0
2020,4,Low-skilled,Manufacturing,"Wood products, furniture, paper products & printing",37.8,33.4,4.3,0.0
2020,4,Low-skilled,Manufacturing,"Petroleum, chemical, rubber & plastic products",27.4,24.6,2.9,0.3
2020,4,Low-skilled,Manufacturing,"Non-metallic mineral products, basic metal & fabricated metal products",26.8,23.9,2.9,0.0
2020,4,Low-skilled,Manufacturing,"Electrical, electronic & optical products",20.8,18.3,2.5,0.0
2020,4,Low-skilled,Manufacturing,"Transport equipment, other manufacturing & repair",12.8,11.7,1.1,0.0
2020,4,Low-skilled,Construction,Construction,46.6,42.0,4.6,0.3
2020,4,Low-skilled,Services,Wholesale & retail trade,231.0,228.1,2.8,0.1
2020,4,Low-skilled,Services,Food & beverages and accommodation,343.2,341.6,1.6,0.0
2020,4,Low-skilled,Services,Transportation & storage,86.3,84.4,1.8,0.1
2020,4,Low-skilled,Services,Information & communication,19.2,19.0,0.2,0.0
2020,4,Low-skilled,Services,"Finance, insurance, real estate & business services",112.3,111.0,1.3,0.1
2020,4,Low-skilled,Services,Other services,71.0,70.3,0.7,0.0
2020,3,Skilled,Agriculture,Agriculture,30.3,25.7,4.6,0.2
2020,3,Skilled,Mining & Quarrying,Mining & Quarrying,24.2,24.0,0.1,0.0
2020,3,Skilled,Manufacturing,"Food processing, beverages & tobacco products",37.0,35.0,2.1,0.1
2020,3,Skilled,Manufacturing,"Textiles, wearing apparel & leather products",9.1,8.7,0.4,0.0
2020,3,Skilled,Manufacturing,"Wood products, furniture, paper products & printing",35.0,33.3,1.7,0.1
2020,3,Skilled,Manufacturing,"Petroleum, chemical, rubber & plastic products",76.8,72.5,4.3,0.4
2020,3,Skilled,Manufacturing,"Non-metallic mineral products, basic metal & fabricated metal products",57.9,54.4,3.6,0.2
2020,3,Skilled,Manufacturing,"Electrical, electronic & optical products",131.6,123.8,7.8,0.3
2020,3,Skilled,Manufacturing,"Transport equipment, other manufacturing & repair",49.1,46.3,2.8,0.1
2020,3,Skilled,Construction,Construction,144.8,140.3,4.5,0.3
2020,3,Skilled,Services,Wholesale & retail trade,546.3,544.3,2.0,0.8
2020,3,Skilled,Services,Food & beverages and accommodation,111.5,111.1,0.3,0.1
2020,3,Skilled,Services,Transportation & storage,79.0,78.6,0.4,0.3
2020,3,Skilled,Services,Information & communication,128.0,127.6,0.4,0.4
2020,3,Skilled,Services,"Finance, insurance, real estate & business services",405.2,400.4,4.8,2.0
2020,3,Skilled,Services,Other services,203.4,202.4,1.0,0.5
2020,3,Semi-skilled,Agriculture,Agriculture,417.0,397.6,19.3,0.6
2020,3,Semi-skilled,Mining & Quarrying,Mining & Quarrying,45.7,45.5,0.2,0.1
2020,3,Semi-skilled,Manufacturing,"Food processing, beverages & tobacco products",215.7,208.3,7.4,0.2
2020,3,Semi-skilled,Manufacturing,"Textiles, wearing apparel & leather products",65.2,63.4,1.8,0.1
2020,3,Semi-skilled,Manufacturing,"Wood products, furniture, paper products & printing",223.9,218.9,5.0,0.4
2020,3,Semi-skilled,Manufacturing,"Petroleum, chemical, rubber & plastic products",324.0,312.6,11.3,2.9
2020,3,Semi-skilled,Manufacturing,"Non-metallic mineral products, basic metal & fabricated metal products",267.2,260.3,6.9,0.4
2020,3,Semi-skilled,Manufacturing,"Electrical, electronic & optical products",437.9,416.5,21.3,2.7
2020,3,Semi-skilled,Manufacturing,"Transport equipment, other manufacturing & repair",154.9,150.0,4.9,0.3
2020,3,Semi-skilled,Construction,Construction,"1,089.8","1,078.6",11.2,2.2
2020,3,Semi-skilled,Services,Wholesale & retail trade,773.6,770.7,2.9,1.8
2020,3,Semi-skilled,Services,Food & beverages and accommodation,336.1,334.0,2.1,0.3
2020,3,Semi-skilled,Services,Transportation & storage,211.9,210.3,1.6,0.4
2020,3,Semi-skilled,Services,Information & communication,74.2,74.2,0.1,0.2
2020,3,Semi-skilled,Services,"Finance, insurance, real estate & business services",410.3,408.5,1.9,0.3
2020,3,Semi-skilled,Services,Other services,230.2,228.4,1.7,0.2
2020,3,Low-skilled,Agriculture,Agriculture,26.6,20.4,6.2,0.1
2020,3,Low-skilled,Mining & Quarrying,Mining & Quarrying,9.7,9.6,0.1,0.0
2020,3,Low-skilled,Manufacturing,"Food processing, beverages & tobacco products",34.7,31.1,3.6,0.1
2020,3,Low-skilled,Manufacturing,"Textiles, wearing apparel & leather products",6.4,5.6,0.8,0.0
2020,3,Low-skilled,Manufacturing,"Wood products, furniture, paper products & printing",38.5,34.4,4.1,0.0
2020,3,Low-skilled,Manufacturing,"Petroleum, chemical, rubber & plastic products",27.8,24.5,3.3,0.5
2020,3,Low-skilled,Manufacturing,"Non-metallic mineral products, basic metal & fabricated metal products",27.0,23.9,3.1,0.0
2020,3,Low-skilled,Manufacturing,"Electrical, electronic & optical products",21.3,18.3,3.0,0.1
2020,3,Low-skilled,Manufacturing,"Transport equipment, other manufacturing & repair",12.7,11.5,1.2,0.0
2020,3,Low-skilled,Construction,Construction,48.4,43.6,4.8,0.4
2020,3,Low-skilled,Services,Wholesale & retail trade,232.0,229.2,2.8,0.2
2020,3,Low-skilled,Services,Food & beverages and accommodation,342.8,341.3,1.5,0.0
2020,3,Low-skilled,Services,Transportation & storage,87.4,85.5,2.0,0.1
2020,3,Low-skilled,Services,Information & communication,19.3,19.0,0.2,0.0
2020,3,Low-skilled,Services,"Finance, insurance, real estate & business services",119.0,117.6,1.4,0.4
2020,3,Low-skilled,Services,Other services,72.0,71.2,0.7,0.0
2020,2,Skilled,Agriculture,Agriculture,31.1,26.5,4.6,0.1
2020,2,Skilled,Mining & Quarrying,Mining & Quarrying,24.3,24.2,0.1,0.0
2020,2,Skilled,Manufacturing,"Food processing, beverages & tobacco products",37.0,35.0,2.0,0.1
2020,2,Skilled,Manufacturing,"Textiles, wearing apparel & leather products",9.3,8.8,0.5,0.0
2020,2,Skilled,Manufacturing,"Wood products, furniture, paper products & printing",35.7,34.0,1.8,0.0
2020,2,Skilled,Manufacturing,"Petroleum, chemical, rubber & plastic products",75.2,71.4,3.8,0.2
2020,2,Skilled,Manufacturing,"Non-metallic mineral products, basic metal & fabricated metal products",57.1,53.8,3.3,0.0
2020,2,Skilled,Manufacturing,"Electrical, electronic & optical products",130.6,122.9,7.7,0.2
2020,2,Skilled,Manufacturing,"Transport equipment, other manufacturing & repair",49.0,46.6,2.5,0.0
2020,2,Skilled,Construction,Construction,144.2,139.9,4.3,0.6
2020,2,Skilled,Services,Wholesale & retail trade,544.3,542.4,2.0,0.6
2020,2,Skilled,Services,Food & beverages and accommodation,110.6,110.5,0.1,0.0
2020,2,Skilled,Services,Transportation & storage,79.7,78.8,0.9,0.1
2020,2,Skilled,Services,Information & communication,127.2,127.0,0.2,0.2
2020,2,Skilled,Services,"Finance, insurance, real estate & business services",401.6,397.3,4.3,1.2
2020,2,Skilled,Services,Other services,201.0,199.9,1.1,0.3
2020,2,Semi-skilled,Agriculture,Agriculture,419.7,401.9,17.8,0.2
2020,2,Semi-skilled,Mining & Quarrying,Mining & Quarrying,45.2,45.1,0.1,0.0
2020,2,Semi-skilled,Manufacturing,"Food processing, beverages & tobacco products",213.9,206.0,7.9,0.3
2020,2,Semi-skilled,Manufacturing,"Textiles, wearing apparel & leather products",69.2,67.4,1.8,0.0
2020,2,Semi-skilled,Manufacturing,"Wood products, furniture, paper products & printing",222.4,217.8,4.6,0.1
2020,2,Semi-skilled,Manufacturing,"Petroleum, chemical, rubber & plastic products",317.7,307.0,10.6,1.2
2020,2,Semi-skilled,Manufacturing,"Non-metallic mineral products, basic metal & fabricated metal products",265.5,260.2,5.3,0.2
2020,2,Semi-skilled,Manufacturing,"Electrical, electronic & optical products",431.3,412.4,18.9,2.4
2020,2,Semi-skilled,Manufacturing,"Transport equipment, other manufacturing & repair",155.2,149.9,5.2,0.3
2020,2,Semi-skilled,Construction,Construction,"1,059.1","1,049.8",9.4,2.7
2020,2,Semi-skilled,Services,Wholesale & retail trade,758.6,757.4,1.2,0.9
2020,2,Semi-skilled,Services,Food & beverages and accommodation,322.3,318.8,3.5,0.1
2020,2,Semi-skilled,Services,Transportation & storage,212.8,210.5,2.3,0.3
2020,2,Semi-skilled,Services,Information & communication,72.8,72.8,0.0,0.0
2020,2,Semi-skilled,Services,"Finance, insurance, real estate & business services",413.6,411.9,1.7,0.1
2020,2,Semi-skilled,Services,Other services,231.2,228.8,2.4,0.2
2020,2,Low-skilled,Agriculture,Agriculture,27.5,21.7,5.7,0.1
2020,2,Low-skilled,Mining & Quarrying,Mining & Quarrying,9.5,9.4,0.1,0.0
2020,2,Low-skilled,Manufacturing,"Food processing, beverages & tobacco products",34.6,31.0,3.6,0.1
2020,2,Low-skilled,Manufacturing,"Textiles, wearing apparel & leather products",6.6,5.8,0.9,0.0
2020,2,Low-skilled,Manufacturing,"Wood products, furniture, paper products & printing",36.8,32.9,3.9,0.0
2020,2,Low-skilled,Manufacturing,"Petroleum, chemical, rubber & plastic products",27.0,24.1,2.9,0.3
2020,2,Low-skilled,Manufacturing,"Non-metallic mineral products, basic metal & fabricated metal products",28.2,25.1,3.1,0.0
2020,2,Low-skilled,Manufacturing,"Electrical, electronic & optical products",17.8,15.6,2.2,0.0
2020,2,Low-skilled,Manufacturing,"Transport equipment, other manufacturing & repair",12.0,10.9,1.1,0.0
2020,2,Low-skilled,Construction,Construction,47.4,42.9,4.6,0.3
2020,2,Low-skilled,Services,Wholesale & retail trade,232.1,229.0,3.1,0.1
2020,2,Low-skilled,Services,Food & beverages and accommodation,335.2,333.2,2.0,0.0
2020,2,Low-skilled,Services,Transportation & storage,87.4,85.2,2.2,0.0
2020,2,Low-skilled,Services,Information & communication,19.4,19.2,0.2,0.0
2020,2,Low-skilled,Services,"Finance, insurance, real estate & business services",120.2,118.9,1.3,0.0
2020,2,Low-skilled,Services,Other services,73.3,72.3,0.9,0.0
2020,1,Skilled,Agriculture,Agriculture,32.9,27.1,5.9,0.4
2020,1,Skilled,Mining & Quarrying,Mining & Quarrying,24.7,24.6,0.1,0.0
2020,1,Skilled,Manufacturing,"Food processing, beverages & tobacco products",37.0,35.0,2.0,0.0
2020,1,Skilled,Manufacturing,"Textiles, wearing apparel & leather products",10.9,10.3,0.6,0.0
2020,1,Skilled,Manufacturing,"Wood products, furniture, paper products & printing",38.1,35.9,2.2,0.1
2020,1,Skilled,Manufacturing,"Petroleum, chemical, rubber & plastic products",75.4,71.4,4.0,0.3
2020,1,Skilled,Manufacturing,"Non-metallic mineral products, basic metal & fabricated metal products",56.4,52.9,3.5,0.1
2020,1,Skilled,Manufacturing,"Electrical, electronic & optical products",134.6,126.0,8.5,0.3
2020,1,Skilled,Manufacturing,"Transport equipment, other manufacturing & repair",49.6,47.2,2.4,0.1
2020,1,Skilled,Construction,Construction,151.3,146.7,4.6,1.7
2020,1,Skilled,Services,Wholesale & retail trade,542.0,540.2,1.8,2.0
2020,1,Skilled,Services,Food & beverages and accommodation,115.7,115.4,0.3,0.2
2020,1,Skilled,Services,Transportation & storage,80.2,79.8,0.4,0.8
2020,1,Skilled,Services,Information & communication,128.0,127.6,0.4,0.8
2020,1,Skilled,Services,"Finance, insurance, real estate & business services",400.4,395.3,5.1,2.8
2020,1,Skilled,Services,Other services,204.1,203.2,0.9,1.3
2020,1,Semi-skilled,Agriculture,Agriculture,421.6,407.2,14.4,0.4
2020,1,Semi-skilled,Mining & Quarrying,Mining & Quarrying,46.1,46.0,0.1,0.0
2020,1,Semi-skilled,Manufacturing,"Food processing, beverages & tobacco products",211.9,205.7,6.3,0.1
2020,1,Semi-skilled,Manufacturing,"Textiles, wearing apparel & leather products",72.9,70.8,2.0,0.1
2020,1,Semi-skilled,Manufacturing,"Wood products, furniture, paper products & printing",230.0,224.2,5.7,0.2
2020,1,Semi-skilled,Manufacturing,"Petroleum, chemical, rubber & plastic products",312.0,300.8,11.2,1.0
2020,1,Semi-skilled,Manufacturing,"Non-metallic mineral products, basic metal & fabricated metal products",270.5,265.8,4.7,0.1
2020,1,Semi-skilled,Manufacturing,"Electrical, electronic & optical products",436.5,421.2,15.3,1.3
2020,1,Semi-skilled,Manufacturing,"Transport equipment, other manufacturing & repair",157.5,152.0,5.5,0.3
2020,1,Semi-skilled,Construction,Construction,"1,103.7","1,094.6",9.1,2.9
2020,1,Semi-skilled,Services,Wholesale & retail trade,778.8,776.5,2.3,1.5
2020,1,Semi-skilled,Services,Food & beverages and accommodation,358.2,354.7,3.4,0.3
2020,1,Semi-skilled,Services,Transportation & storage,222.1,219.7,2.4,0.8
2020,1,Semi-skilled,Services,Information & communication,73.2,73.2,0.0,0.1
2020,1,Semi-skilled,Services,"Finance, insurance, real estate & business services",416.3,413.6,2.7,0.3
2020,1,Semi-skilled,Services,Other services,234.7,233.0,1.7,0.3
2020,1,Low-skilled,Agriculture,Agriculture,28.9,22.7,6.2,0.2
2020,1,Low-skilled,Mining & Quarrying,Mining & Quarrying,9.2,9.2,0.1,0.0
2020,1,Low-skilled,Manufacturing,"Food processing, beverages & tobacco products",33.8,29.8,4.0,0.0
2020,1,Low-skilled,Manufacturing,"Textiles, wearing apparel & leather products",7.1,6.3,0.8,0.0
2020,1,Low-skilled,Manufacturing,"Wood products, furniture, paper products & printing",37.4,33.7,3.8,0.0
2020,1,Low-skilled,Manufacturing,"Petroleum, chemical, rubber & plastic products",26.2,23.8,2.4,0.2
2020,1,Low-skilled,Manufacturing,"Non-metallic mineral products, basic metal & fabricated metal products",23.4,21.0,2.4,0.0
2020,1,Low-skilled,Manufacturing,"Electrical, electronic & optical products",17.8,15.8,1.9,0.1
2020,1,Low-skilled,Manufacturing,"Transport equipment, other manufacturing & repair",12.3,11.2,1.1,0.0
2020,1,Low-skilled,Construction,Construction,49.5,44.8,4.7,0.4
2020,1,Low-skilled,Services,Wholesale & retail trade,231.7,229.0,2.7,0.1
2020,1,Low-skilled,Services,Food & beverages and accommodation,362.4,360.7,1.8,0.0
2020,1,Low-skilled,Services,Transportation & storage,84.8,82.5,2.3,0.2
2020,1,Low-skilled,Services,Information & communication,19.5,19.3,0.3,0.0
2020,1,Low-skilled,Services,"Finance, insurance, real estate & business services",119.9,118.6,1.4,0.1
2020,1,Low-skilled,Services,Other services,75.2,74.4,0.8,0.1
2019,4,Skilled,Agriculture,Agriculture,33.8,27.7,6.1,0.6
2019,4,Skilled,Mining & Quarrying,Mining & Quarrying,24.8,24.7,0.1,0.1
2019,4,Skilled,Manufacturing,"Food processing, beverages & tobacco products",37.1,34.9,2.2,0.1
2019,4,Skilled,Manufacturing,"Textiles, wearing apparel & leather products",11.4,10.7,0.8,0.0
2019,4,Skilled,Manufacturing,"Wood products, furniture, paper products & printing",39.7,37.2,2.5,0.1
2019,4,Skilled,Manufacturing,"Petroleum, chemical, rubber & plastic products",77.8,72.8,5.0,0.2
2019,4,Skilled,Manufacturing,"Non-metallic mineral products, basic metal & fabricated metal products",58.2,54.7,3.5,0.1
2019,4,Skilled,Manufacturing,"Electrical, electronic & optical products",135.5,127.3,8.2,0.3
2019,4,Skilled,Manufacturing,"Transport equipment, other manufacturing & repair",49.4,46.3,3.1,0.1
2019,4,Skilled,Construction,Construction,155.8,150.0,5.8,2.3
2019,4,Skilled,Services,Wholesale & retail trade,544.4,541.8,2.6,2.2
2019,4,Skilled,Services,Food & beverages and accommodation,117.8,117.4,0.4,0.1
2019,4,Skilled,Services,Transportation & storage,78.7,77.9,0.7,0.5
2019,4,Skilled,Services,Information & communication,127.3,126.9,0.4,0.6
2019,4,Skilled,Services,"Finance, insurance, real estate & business services",400.2,394.2,6.0,3.3
2019,4,Skilled,Services,Other services,208.7,207.8,1.0,1.2
2019,4,Semi-skilled,Agriculture,Agriculture,422.0,406.6,15.4,2.3
2019,4,Semi-skilled,Mining & Quarrying,Mining & Quarrying,47.4,47.3,0.1,0.1
2019,4,Semi-skilled,Manufacturing,"Food processing, beverages & tobacco products",214.3,207.8,6.5,0.2
2019,4,Semi-skilled,Manufacturing,"Textiles, wearing apparel & leather products",76.5,73.8,2.7,0.1
2019,4,Semi-skilled,Manufacturing,"Wood products, furniture, paper products & printing",231.8,223.8,7.9,0.2
2019,4,Semi-skilled,Manufacturing,"Petroleum, chemical, rubber & plastic products",313.2,300.1,13.1,0.4
2019,4,Semi-skilled,Manufacturing,"Non-metallic mineral products, basic metal & fabricated metal products",275.5,266.9,8.6,0.2
2019,4,Semi-skilled,Manufacturing,"Electrical, electronic & optical products",442.6,422.8,19.8,1.0
2019,4,Semi-skilled,Manufacturing,"Transport equipment, other manufacturing & repair",161.2,154.9,6.3,0.4
2019,4,Semi-skilled,Construction,Construction,"1,124.3","1,112.6",11.8,3.6
2019,4,Semi-skilled,Services,Wholesale & retail trade,783.6,777.7,5.9,1.3
2019,4,Semi-skilled,Services,Food & beverages and accommodation,367.6,362.2,5.3,0.7
2019,4,Semi-skilled,Services,Transportation & storage,221.2,219.7,1.5,0.5
2019,4,Semi-skilled,Services,Information & communication,70.3,70.3,0.1,0.0
2019,4,Semi-skilled,Services,"Finance, insurance, real estate & business services",420.6,418.8,1.8,0.5
2019,4,Semi-skilled,Services,Other services,235.6,234.0,1.6,0.3
2019,4,Low-skilled,Agriculture,Agriculture,31.2,24.4,6.8,0.1
2019,4,Low-skilled,Mining & Quarrying,Mining & Quarrying,10.3,10.3,0.1,0.0
2019,4,Low-skilled,Manufacturing,"Food processing, beverages & tobacco products",31.7,28.1,3.6,0.0
2019,4,Low-skilled,Manufacturing,"Textiles, wearing apparel & leather products",7.4,6.7,0.7,0.0
2019,4,Low-skilled,Manufacturing,"Wood products, furniture, paper products & printing",42.3,35.5,6.7,0.0
2019,4,Low-skilled,Manufacturing,"Petroleum, chemical, rubber & plastic products",25.5,22.9,2.6,0.1
2019,4,Low-skilled,Manufacturing,"Non-metallic mineral products, basic metal & fabricated metal products",22.9,20.6,2.3,0.0
2019,4,Low-skilled,Manufacturing,"Electrical, electronic & optical products",18.0,15.7,2.2,0.0
2019,4,Low-skilled,Manufacturing,"Transport equipment, other manufacturing & repair",11.7,10.6,1.1,0.0
2019,4,Low-skilled,Construction,Construction,50.9,45.7,5.2,1.1
2019,4,Low-skilled,Services,Wholesale & retail trade,231.9,230.3,1.6,0.1
2019,4,Low-skilled,Services,Food & beverages and accommodation,367.0,362.7,4.2,0.2
2019,4,Low-skilled,Services,Transportation & storage,86.5,83.8,2.7,0.1
2019,4,Low-skilled,Services,Information & communication,19.7,19.7,0.0,0.0
2019,4,Low-skilled,Services,"Finance, insurance, real estate & business services",119.9,119.4,0.5,0.0
2019,4,Low-skilled,Services,Other services,76.2,75.3,0.9,0.0
2019,3,Skilled,Agriculture,Agriculture,33.7,28.3,5.4,0.4
2019,3,Skilled,Mining & Quarrying,Mining & Quarrying,23.1,22.9,0.1,0.1
2019,3,Skilled,Manufacturing,"Food processing, beverages & tobacco products",39.8,37.3,2.5,0.1
2019,3,Skilled,Manufacturing,"Textiles, wearing apparel & leather products",12.1,11.3,0.8,0.0
2019,3,Skilled,Manufacturing,"Wood products, furniture, paper products & printing",42.5,39.7,2.8,0.2
2019,3,Skilled,Manufacturing,"Petroleum, chemical, rubber & plastic products",82.9,77.2,5.8,0.3
2019,3,Skilled,Manufacturing,"Non-metallic mineral products, basic metal & fabricated metal products",61.8,58.0,3.9,0.1
2019,3,Skilled,Manufacturing,"Electrical, electronic & optical products",145.6,136.1,9.4,0.4
2019,3,Skilled,Manufacturing,"Transport equipment, other manufacturing & repair",53.9,50.4,3.5,0.2
2019,3,Skilled,Construction,Construction,151.9,145.5,6.4,1.4
2019,3,Skilled,Services,Wholesale & retail trade,536.7,534.7,2.0,1.5
2019,3,Skilled,Services,Food & beverages and accommodation,115.1,114.5,0.6,0.2
2019,3,Skilled,Services,Transportation & storage,78.2,77.2,0.9,0.4
2019,3,Skilled,Services,Information & communication,131.3,130.6,0.7,0.6
2019,3,Skilled,Services,"Finance, insurance, real estate & business services",400.7,394.4,6.3,2.8
2019,3,Skilled,Services,Other services,207.8,206.5,1.3,1.7
2019,3,Semi-skilled,Agriculture,Agriculture,427.9,414.7,13.1,1.6
2019,3,Semi-skilled,Mining & Quarrying,Mining & Quarrying,48.6,48.4,0.2,0.1
2019,3,Semi-skilled,Manufacturing,"Food processing, beverages & tobacco products",211.6,205.0,6.5,0.3
2019,3,Semi-skilled,Manufacturing,"Textiles, wearing apparel & leather products",76.7,73.8,3.0,0.2
2019,3,Semi-skilled,Manufacturing,"Wood products, furniture, paper products & printing",228.8,221.2,7.7,0.3
2019,3,Semi-skilled,Manufacturing,"Petroleum, chemical, rubber & plastic products",311.0,297.3,13.7,0.9
2019,3,Semi-skilled,Manufacturing,"Non-metallic mineral products, basic metal & fabricated metal products",270.6,262.2,8.4,0.3
2019,3,Semi-skilled,Manufacturing,"Electrical, electronic & optical products",428.2,408.9,19.3,1.6
2019,3,Semi-skilled,Manufacturing,"Transport equipment, other manufacturing & repair",155.9,150.5,5.4,0.4
2019,3,Semi-skilled,Construction,Construction,"1,115.3","1,104.0",11.2,3.2
2019,3,Semi-skilled,Services,Wholesale & retail trade,793.0,785.3,7.7,2.2
2019,3,Semi-skilled,Services,Food & beverages and accommodation,366.4,360.6,5.8,1.3
2019,3,Semi-skilled,Services,Transportation & storage,223.7,221.8,1.9,0.7
2019,3,Semi-skilled,Services,Information & communication,73.6,73.5,0.2,0.1
2019,3,Semi-skilled,Services,"Finance, insurance, real estate & business services",426.8,425.0,1.8,0.6
2019,3,Semi-skilled,Services,Other services,236.7,234.3,2.4,0.9
2019,3,Low-skilled,Agriculture,Agriculture,32.2,25.9,6.4,1.2
2019,3,Low-skilled,Mining & Quarrying,Mining & Quarrying,9.6,9.5,0.1,0.0
2019,3,Low-skilled,Manufacturing,"Food processing, beverages & tobacco products",33.6,29.7,3.8,0.2
2019,3,Low-skilled,Manufacturing,"Textiles, wearing apparel & leather products",7.7,6.9,0.9,0.1
2019,3,Low-skilled,Manufacturing,"Wood products, furniture, paper products & printing",42.6,36.5,6.1,0.1
2019,3,Low-skilled,Manufacturing,"Petroleum, chemical, rubber & plastic products",25.7,22.8,3.0,0.2
2019,3,Low-skilled,Manufacturing,"Non-metallic mineral products, basic metal & fabricated metal products",24.3,21.1,3.2,0.0
2019,3,Low-skilled,Manufacturing,"Electrical, electronic & optical products",18.3,16.0,2.3,0.1
2019,3,Low-skilled,Manufacturing,"Transport equipment, other manufacturing & repair",12.2,11.0,1.2,0.0
2019,3,Low-skilled,Construction,Construction,51.9,46.3,5.7,0.6
2019,3,Low-skilled,Services,Wholesale & retail trade,227.4,226.3,1.2,0.1
2019,3,Low-skilled,Services,Food & beverages and accommodation,355.5,351.7,3.9,0.2
2019,3,Low-skilled,Services,Transportation & storage,84.3,82.1,2.2,0.1
2019,3,Low-skilled,Services,Information & communication,20.2,20.2,0.0,0.0
2019,3,Low-skilled,Services,"Finance, insurance, real estate & business services",119.9,118.7,1.2,0.1
2019,3,Low-skilled,Services,Other services,74.4,73.4,0.9,0.1
2019,2,Skilled,Agriculture,Agriculture,34.6,29.1,5.5,0.6
2019,2,Skilled,Mining & Quarrying,Mining & Quarrying,23.7,23.7,0.1,0.1
2019,2,Skilled,Manufacturing,"Food processing, beverages & tobacco products",39.3,36.6,2.7,0.2
2019,2,Skilled,Manufacturing,"Textiles, wearing apparel & leather products",12.0,11.1,0.9,0.0
2019,2,Skilled,Manufacturing,"Wood products, furniture, paper products & printing",41.7,38.6,3.1,0.3
2019,2,Skilled,Manufacturing,"Petroleum, chemical, rubber & plastic products",81.0,75.1,5.9,0.5
2019,2,Skilled,Manufacturing,"Non-metallic mineral products, basic metal & fabricated metal products",61.5,57.5,4.0,0.2
2019,2,Skilled,Manufacturing,"Electrical, electronic & optical products",143.7,133.7,10.0,0.8
2019,2,Skilled,Manufacturing,"Transport equipment, other manufacturing & repair",52.8,49.2,3.6,0.3
2019,2,Skilled,Construction,Construction,159.2,152.7,6.4,2.2
2019,2,Skilled,Services,Wholesale & retail trade,534.9,533.0,1.9,1.9
2019,2,Skilled,Services,Food & beverages and accommodation,113.6,113.1,0.6,0.4
2019,2,Skilled,Services,Transportation & storage,79.4,78.1,1.4,0.4
2019,2,Skilled,Services,Information & communication,130.7,129.4,1.3,0.5
2019,2,Skilled,Services,"Finance, insurance, real estate & business services",393.6,387.2,6.4,2.4
2019,2,Skilled,Services,Other services,203.8,202.5,1.3,1.4
2019,2,Semi-skilled,Agriculture,Agriculture,434.2,418.2,16.0,1.5
2019,2,Semi-skilled,Mining & Quarrying,Mining & Quarrying,50.9,50.7,0.2,0.1
2019,2,Semi-skilled,Manufacturing,"Food processing, beverages & tobacco products",209.7,203.2,6.4,0.2
2019,2,Semi-skilled,Manufacturing,"Textiles, wearing apparel & leather products",75.6,72.5,3.1,0.2
2019,2,Semi-skilled,Manufacturing,"Wood products, furniture, paper products & printing",229.4,221.3,8.1,0.1
2019,2,Semi-skilled,Manufacturing,"Petroleum, chemical, rubber & plastic products",309.9,294.5,15.5,0.9
2019,2,Semi-skilled,Manufacturing,"Non-metallic mineral products, basic metal & fabricated metal products",269.9,258.1,11.8,0.3
2019,2,Semi-skilled,Manufacturing,"Electrical, electronic & optical products",425.5,403.9,21.5,1.0
2019,2,Semi-skilled,Manufacturing,"Transport equipment, other manufacturing & repair",157.6,151.7,5.9,0.3
2019,2,Semi-skilled,Construction,Construction,"1,098.1","1,087.4",10.7,2.8
2019,2,Semi-skilled,Services,Wholesale & retail trade,788.8,780.9,7.9,2.4
2019,2,Semi-skilled,Services,Food & beverages and accommodation,360.4,355.4,5.0,1.4
2019,2,Semi-skilled,Services,Transportation & storage,225.3,222.8,2.5,0.3
2019,2,Semi-skilled,Services,Information & communication,73.2,72.5,0.7,0.1
2019,2,Semi-skilled,Services,"Finance, insurance, real estate & business services",424.5,421.4,3.1,0.6
2019,2,Semi-skilled,Services,Other services,234.1,230.4,3.8,0.9
2019,2,Low-skilled,Agriculture,Agriculture,36.4,27.8,8.7,0.2
2019,2,Low-skilled,Mining & Quarrying,Mining & Quarrying,9.4,9.3,0.1,0.0
2019,2,Low-skilled,Manufacturing,"Food processing, beverages & tobacco products",31.2,28.1,3.2,0.0
2019,2,Low-skilled,Manufacturing,"Textiles, wearing apparel & leather products",7.7,6.8,0.9,0.1
2019,2,Low-skilled,Manufacturing,"Wood products, furniture, paper products & printing",42.0,36.2,5.7,0.1
2019,2,Low-skilled,Manufacturing,"Petroleum, chemical, rubber & plastic products",25.2,22.6,2.6,0.1
2019,2,Low-skilled,Manufacturing,"Non-metallic mineral products, basic metal & fabricated metal products",24.3,21.2,3.1,0.0
2019,2,Low-skilled,Manufacturing,"Electrical, electronic & optical products",18.2,16.0,2.2,0.0
2019,2,Low-skilled,Manufacturing,"Transport equipment, other manufacturing & repair",11.5,10.4,1.1,0.0
2019,2,Low-skilled,Construction,Construction,52.6,47.5,5.2,0.3
2019,2,Low-skilled,Services,Wholesale & retail trade,231.4,229.8,1.6,0.2
2019,2,Low-skilled,Services,Food & beverages and accommodation,357.3,353.4,4.0,0.5
2019,2,Low-skilled,Services,Transportation & storage,85.0,83.3,1.7,0.2
2019,2,Low-skilled,Services,Information & communication,20.4,20.4,0.0,0.0
2019,2,Low-skilled,Services,"Finance, insurance, real estate & business services",120.2,119.8,0.4,0.0
2019,2,Low-skilled,Services,Other services,73.7,73.3,0.4,0.1
2019,1,Skilled,Agriculture,Agriculture,33.8,28.4,5.4,0.5
2019,1,Skilled,Mining & Quarrying,Mining & Quarrying,24.6,24.5,0.1,0.1
2019,1,Skilled,Manufacturing,"Food processing, beverages & tobacco products",38.3,36.2,2.1,0.0
2019,1,Skilled,Manufacturing,"Textiles, wearing apparel & leather products",11.9,11.3,0.6,0.0
2019,1,Skilled,Manufacturing,"Wood products, furniture, paper products & printing",39.7,37.3,2.4,0.2
2019,1,Skilled,Manufacturing,"Petroleum, chemical, rubber & plastic products",77.8,72.9,4.9,0.3
2019,1,Skilled,Manufacturing,"Non-metallic mineral products, basic metal & fabricated metal products",59.3,55.8,3.5,0.1
2019,1,Skilled,Manufacturing,"Electrical, electronic & optical products",141.3,133.2,8.1,0.6
2019,1,Skilled,Manufacturing,"Transport equipment, other manufacturing & repair",51.1,48.2,2.9,0.1
2019,1,Skilled,Construction,Construction,153.3,147.7,5.6,1.9
2019,1,Skilled,Services,Wholesale & retail trade,528.4,526.6,1.8,1.8
2019,1,Skilled,Services,Food & beverages and accommodation,112.2,111.7,0.5,0.2
2019,1,Skilled,Services,Transportation & storage,78.6,77.3,1.3,0.6
2019,1,Skilled,Services,Information & communication,129.2,128.7,0.5,0.5
2019,1,Skilled,Services,"Finance, insurance, real estate & business services",395.2,389.0,6.1,2.4
2019,1,Skilled,Services,Other services,205.8,204.9,0.8,1.2
2019,1,Semi-skilled,Agriculture,Agriculture,422.8,407.3,15.4,1.5
2019,1,Semi-skilled,Mining & Quarrying,Mining & Quarrying,47.6,47.3,0.2,0.1
2019,1,Semi-skilled,Manufacturing,"Food processing, beverages & tobacco products",206.2,199.6,6.6,0.1
2019,1,Semi-skilled,Manufacturing,"Textiles, wearing apparel & leather products",75.2,71.7,3.5,0.1
2019,1,Semi-skilled,Manufacturing,"Wood products, furniture, paper products & printing",226.3,218.1,8.1,0.2
2019,1,Semi-skilled,Manufacturing,"Petroleum, chemical, rubber & plastic products",306.3,291.7,14.7,0.7
2019,1,Semi-skilled,Manufacturing,"Non-metallic mineral products, basic metal & fabricated metal products",266.6,255.4,11.2,0.2
2019,1,Semi-skilled,Manufacturing,"Electrical, electronic & optical products",426.6,408.5,18.1,0.9
2019,1,Semi-skilled,Manufacturing,"Transport equipment, other manufacturing & repair",156.4,150.8,5.5,0.3
2019,1,Semi-skilled,Construction,Construction,"1,094.7","1,085.0",9.8,2.7
2019,1,Semi-skilled,Services,Wholesale & retail trade,779.3,770.6,8.8,2.0
2019,1,Semi-skilled,Services,Food & beverages and accommodation,353.9,350.9,3.0,0.7
2019,1,Semi-skilled,Services,Transportation & storage,225.3,222.2,3.1,0.7
2019,1,Semi-skilled,Services,Information & communication,73.2,72.6,0.6,0.1
2019,1,Semi-skilled,Services,"Finance, insurance, real estate & business services",430.5,427.4,3.0,0.5
2019,1,Semi-skilled,Services,Other services,236.9,233.0,3.9,0.9
2019,1,Low-skilled,Agriculture,Agriculture,35.3,27.6,7.8,0.2
2019,1,Low-skilled,Mining & Quarrying,Mining & Quarrying,10.0,9.9,0.1,0.1
2019,1,Low-skilled,Manufacturing,"Food processing, beverages & tobacco products",31.4,28.6,2.9,0.0
2019,1,Low-skilled,Manufacturing,"Textiles, wearing apparel & leather products",6.8,6.2,0.6,0.0
2019,1,Low-skilled,Manufacturing,"Wood products, furniture, paper products & printing",40.3,35.2,5.1,0.0
2019,1,Low-skilled,Manufacturing,"Petroleum, chemical, rubber & plastic products",25.1,22.5,2.6,0.1
2019,1,Low-skilled,Manufacturing,"Non-metallic mineral products, basic metal & fabricated metal products",25.1,22.5,2.7,0.0
2019,1,Low-skilled,Manufacturing,"Electrical, electronic & optical products",17.6,15.7,1.9,0.0
2019,1,Low-skilled,Manufacturing,"Transport equipment, other manufacturing & repair",11.0,10.1,0.9,0.0
2019,1,Low-skilled,Construction,Construction,49.4,45.0,4.4,0.2
2019,1,Low-skilled,Services,Wholesale & retail trade,229.3,227.6,1.7,0.1
2019,1,Low-skilled,Services,Food & beverages and accommodation,353.0,350.1,2.9,0.3
2019,1,Low-skilled,Services,Transportation & storage,87.8,84.3,3.5,0.3
2019,1,Low-skilled,Services,Information & communication,20.4,20.4,0.1,0.0
2019,1,Low-skilled,Services,"Finance, insurance, real estate & business services",123.1,122.5,0.6,0.0
2019,1,Low-skilled,Services,Other services,75.3,74.8,0.5,0.0
2018,4,Skilled,Agriculture,Agriculture,33.3,27.8,5.5,0.5
2018,4,Skilled,Mining & Quarrying,Mining & Quarrying,24.6,24.6,0.1,0.0
2018,4,Skilled,Manufacturing,"Food processing, beverages & tobacco products",37.8,35.7,2.1,0.1
2018,4,Skilled,Manufacturing,"Textiles, wearing apparel & leather products",11.7,10.9,0.8,0.0
2018,4,Skilled,Manufacturing,"Wood products, furniture, paper products & printing",40.1,37.5,2.7,0.1
2018,4,Skilled,Manufacturing,"Petroleum, chemical, rubber & plastic products",79.5,74.2,5.3,0.3
2018,4,Skilled,Manufacturing,"Non-metallic mineral products, basic metal & fabricated metal products",60.0,56.1,3.9,0.1
2018,4,Skilled,Manufacturing,"Electrical, electronic & optical products",142.9,134.3,8.6,0.4
2018,4,Skilled,Manufacturing,"Transport equipment, other manufacturing & repair",50.8,48.1,2.7,0.1
2018,4,Skilled,Construction,Construction,154.8,149.3,5.5,2.1
2018,4,Skilled,Services,Wholesale & retail trade,526.8,524.8,2.0,2.8
2018,4,Skilled,Services,Food & beverages and accommodation,113.7,113.3,0.4,0.5
2018,4,Skilled,Services,Transportation & storage,79.4,78.4,0.9,0.2
2018,4,Skilled,Services,Information & communication,127.5,126.9,0.6,1.0
2018,4,Skilled,Services,"Finance, insurance, real estate & business services",393.9,388.7,5.2,1.4
2018,4,Skilled,Services,Other services,205.4,204.4,0.9,1.0
2018,4,Semi-skilled,Agriculture,Agriculture,417.2,403.2,14.0,1.8
2018,4,Semi-skilled,Mining & Quarrying,Mining & Quarrying,47.3,47.1,0.1,0.1
2018,4,Semi-skilled,Manufacturing,"Food processing, beverages & tobacco products",211.2,201.1,10.1,0.1
2018,4,Semi-skilled,Manufacturing,"Textiles, wearing apparel & leather products",72.3,70.0,2.3,0.1
2018,4,Semi-skilled,Manufacturing,"Wood products, furniture, paper products & printing",224.9,217.6,7.3,0.2
2018,4,Semi-skilled,Manufacturing,"Petroleum, chemical, rubber & plastic products",307.7,291.1,16.6,0.8
2018,4,Semi-skilled,Manufacturing,"Non-metallic mineral products, basic metal & fabricated metal products",265.5,254.9,10.7,0.2
2018,4,Semi-skilled,Manufacturing,"Electrical, electronic & optical products",423.1,409.5,13.6,0.8
2018,4,Semi-skilled,Manufacturing,"Transport equipment, other manufacturing & repair",154.1,148.0,6.1,0.3
2018,4,Semi-skilled,Construction,Construction,"1,106.7","1,095.8",10.9,3.3
2018,4,Semi-skilled,Services,Wholesale & retail trade,769.5,762.6,6.8,1.9
2018,4,Semi-skilled,Services,Food & beverages and accommodation,359.3,353.3,6.0,1.1
2018,4,Semi-skilled,Services,Transportation & storage,224.3,222.9,1.4,0.2
2018,4,Semi-skilled,Services,Information & communication,71.1,71.0,0.1,0.1
2018,4,Semi-skilled,Services,"Finance, insurance, real estate & business services",426.0,424.4,1.6,0.5
2018,4,Semi-skilled,Services,Other services,232.0,231.0,1.0,0.3
2018,4,Low-skilled,Agriculture,Agriculture,31.0,24.6,6.4,0.2
2018,4,Low-skilled,Mining & Quarrying,Mining & Quarrying,10.1,10.1,0.1,0.0
2018,4,Low-skilled,Manufacturing,"Food processing, beverages & tobacco products",32.5,28.5,4.1,0.0
2018,4,Low-skilled,Manufacturing,"Textiles, wearing apparel & leather products",7.1,6.5,0.7,0.0
2018,4,Low-skilled,Manufacturing,"Wood products, furniture, paper products & printing",41.2,35.6,5.6,0.1
2018,4,Low-skilled,Manufacturing,"Petroleum, chemical, rubber & plastic products",26.4,23.6,2.7,0.1
2018,4,Low-skilled,Manufacturing,"Non-metallic mineral products, basic metal & fabricated metal products",25.6,22.8,2.8,0.0
2018,4,Low-skilled,Manufacturing,"Electrical, electronic & optical products",18.4,16.0,2.4,0.0
2018,4,Low-skilled,Manufacturing,"Transport equipment, other manufacturing & repair",11.8,10.2,1.6,0.0
2018,4,Low-skilled,Construction,Construction,51.4,46.3,5.1,0.3
2018,4,Low-skilled,Services,Wholesale & retail trade,229.4,226.3,3.1,0.2
2018,4,Low-skilled,Services,Food & beverages and accommodation,359.3,354.2,5.0,0.3
2018,4,Low-skilled,Services,Transportation & storage,86.1,84.9,1.1,0.1
2018,4,Low-skilled,Services,Information & communication,20.0,19.9,0.0,0.0
2018,4,Low-skilled,Services,"Finance, insurance, real estate & business services",122.4,122.0,0.4,0.0
2018,4,Low-skilled,Services,Other services,75.4,74.6,0.8,0.0
2018,3,Skilled,Agriculture,Agriculture,32.3,27.4,4.9,0.4
2018,3,Skilled,Mining & Quarrying,Mining & Quarrying,23.5,23.4,0.1,0.1
2018,3,Skilled,Manufacturing,"Food processing, beverages & tobacco products",38.4,36.1,2.3,0.1
2018,3,Skilled,Manufacturing,"Textiles, wearing apparel & leather products",11.8,11.1,0.7,0.0
2018,3,Skilled,Manufacturing,"Wood products, furniture, paper products & printing",40.9,38.0,2.9,0.1
2018,3,Skilled,Manufacturing,"Petroleum, chemical, rubber & plastic products",77.3,72.0,5.3,0.3
2018,3,Skilled,Manufacturing,"Non-metallic mineral products, basic metal & fabricated metal products",61.0,57.0,4.1,0.1
2018,3,Skilled,Manufacturing,"Electrical, electronic & optical products",141.8,132.6,9.2,0.6
2018,3,Skilled,Manufacturing,"Transport equipment, other manufacturing & repair",50.3,47.4,2.9,0.1
2018,3,Skilled,Construction,Construction,157.0,150.9,6.0,1.3
2018,3,Skilled,Services,Wholesale & retail trade,521.6,519.5,2.1,1.7
2018,3,Skilled,Services,Food & beverages and accommodation,110.6,110.1,0.4,0.8
2018,3,Skilled,Services,Transportation & storage,79.2,78.3,0.9,0.5
2018,3,Skilled,Services,Information & communication,130.8,130.1,0.7,0.7
2018,3,Skilled,Services,"Finance, insurance, real estate & business services",394.8,388.4,6.4,1.7
2018,3,Skilled,Services,Other services,204.1,202.9,1.2,1.1
2018,3,Semi-skilled,Agriculture,Agriculture,413.6,400.7,12.9,1.1
2018,3,Semi-skilled,Mining & Quarrying,Mining & Quarrying,48.9,48.7,0.2,0.1
2018,3,Semi-skilled,Manufacturing,"Food processing, beverages & tobacco products",209.3,202.1,7.3,0.2
2018,3,Semi-skilled,Manufacturing,"Textiles, wearing apparel & leather products",74.0,70.7,3.3,0.1
2018,3,Semi-skilled,Manufacturing,"Wood products, furniture, paper products & printing",226.4,217.8,8.6,0.1
2018,3,Semi-skilled,Manufacturing,"Petroleum, chemical, rubber & plastic products",303.8,290.8,13.1,0.3
2018,3,Semi-skilled,Manufacturing,"Non-metallic mineral products, basic metal & fabricated metal products",262.1,253.3,8.9,0.2
2018,3,Semi-skilled,Manufacturing,"Electrical, electronic & optical products",416.6,403.5,13.0,1.0
2018,3,Semi-skilled,Manufacturing,"Transport equipment, other manufacturing & repair",154.4,147.4,7.0,0.2
2018,3,Semi-skilled,Construction,Construction,"1,119.3","1,108.3",11.0,3.0
2018,3,Semi-skilled,Services,Wholesale & retail trade,770.6,763.1,7.4,2.7
2018,3,Semi-skilled,Services,Food & beverages and accommodation,352.8,346.1,6.7,1.1
2018,3,Semi-skilled,Services,Transportation & storage,223.3,222.5,0.8,0.3
2018,3,Semi-skilled,Services,Information & communication,73.2,73.0,0.2,0.2
2018,3,Semi-skilled,Services,"Finance, insurance, real estate & business services",433.0,430.9,2.1,0.4
2018,3,Semi-skilled,Services,Other services,230.7,229.7,1.0,0.3
2018,3,Low-skilled,Agriculture,Agriculture,30.5,24.5,6.0,0.1
2018,3,Low-skilled,Mining & Quarrying,Mining & Quarrying,9.6,9.6,0.1,0.0
2018,3,Low-skilled,Manufacturing,"Food processing, beverages & tobacco products",32.5,28.2,4.3,0.0
2018,3,Low-skilled,Manufacturing,"Textiles, wearing apparel & leather products",7.0,6.3,0.7,0.0
2018,3,Low-skilled,Manufacturing,"Wood products, furniture, paper products & printing",39.2,34.9,4.3,0.1
2018,3,Low-skilled,Manufacturing,"Petroleum, chemical, rubber & plastic products",27.6,24.6,3.0,0.2
2018,3,Low-skilled,Manufacturing,"Non-metallic mineral products, basic metal & fabricated metal products",26.8,23.4,3.4,0.0
2018,3,Low-skilled,Manufacturing,"Electrical, electronic & optical products",18.7,16.1,2.6,0.0
2018,3,Low-skilled,Manufacturing,"Transport equipment, other manufacturing & repair",11.6,10.2,1.4,0.0
2018,3,Low-skilled,Construction,Construction,52.6,47.2,5.4,0.2
2018,3,Low-skilled,Services,Wholesale & retail trade,230.4,226.7,3.7,0.2
2018,3,Low-skilled,Services,Food & beverages and accommodation,351.5,347.6,3.8,0.2
2018,3,Low-skilled,Services,Transportation & storage,85.1,84.1,1.0,0.0
2018,3,Low-skilled,Services,Information & communication,20.7,20.7,0.1,0.0
2018,3,Low-skilled,Services,"Finance, insurance, real estate & business services",124.3,123.8,0.5,0.0
2018,3,Low-skilled,Services,Other services,74.7,73.9,0.8,0.0
2018,2,Skilled,Agriculture,Agriculture,33.1,28.1,5.0,0.6
2018,2,Skilled,Mining & Quarrying,Mining & Quarrying,22.6,22.6,0.1,0.1
2018,2,Skilled,Manufacturing,"Food processing, beverages & tobacco products",39.3,37.1,2.3,0.1
2018,2,Skilled,Manufacturing,"Textiles, wearing apparel & leather products",12.0,11.2,0.7,0.0
2018,2,Skilled,Manufacturing,"Wood products, furniture, paper products & printing",41.8,38.8,3.0,0.3
2018,2,Skilled,Manufacturing,"Petroleum, chemical, rubber & plastic products",75.7,70.4,5.3,0.5
2018,2,Skilled,Manufacturing,"Non-metallic mineral products, basic metal & fabricated metal products",61.2,57.1,4.1,0.2
2018,2,Skilled,Manufacturing,"Electrical, electronic & optical products",140.4,130.8,9.5,1.1
2018,2,Skilled,Manufacturing,"Transport equipment, other manufacturing & repair",51.1,47.6,3.5,0.1
2018,2,Skilled,Construction,Construction,157.4,151.2,6.2,2.1
2018,2,Skilled,Services,Wholesale & retail trade,522.3,519.7,2.6,4.2
2018,2,Skilled,Services,Food & beverages and accommodation,109.5,109.2,0.4,0.5
2018,2,Skilled,Services,Transportation & storage,80.3,79.7,0.5,0.1
2018,2,Skilled,Services,Information & communication,129.6,129.0,0.6,0.9
2018,2,Skilled,Services,"Finance, insurance, real estate & business services",382.9,376.9,6.0,1.3
2018,2,Skilled,Services,Other services,200.0,199.1,0.9,0.7
2018,2,Semi-skilled,Agriculture,Agriculture,417.5,401.7,15.8,1.9
2018,2,Semi-skilled,Mining & Quarrying,Mining & Quarrying,49.8,49.6,0.2,0.2
2018,2,Semi-skilled,Manufacturing,"Food processing, beverages & tobacco products",206.4,200.5,5.8,0.2
2018,2,Semi-skilled,Manufacturing,"Textiles, wearing apparel & leather products",76.0,72.4,3.6,0.2
2018,2,Semi-skilled,Manufacturing,"Wood products, furniture, paper products & printing",225.2,216.9,8.3,0.2
2018,2,Semi-skilled,Manufacturing,"Petroleum, chemical, rubber & plastic products",301.7,288.6,13.0,0.5
2018,2,Semi-skilled,Manufacturing,"Non-metallic mineral products, basic metal & fabricated metal products",263.4,255.1,8.3,0.2
2018,2,Semi-skilled,Manufacturing,"Electrical, electronic & optical products",412.1,396.3,15.9,1.8
2018,2,Semi-skilled,Manufacturing,"Transport equipment, other manufacturing & repair",153.2,146.9,6.3,0.2
2018,2,Semi-skilled,Construction,Construction,"1,102.3","1,091.7",10.5,2.9
2018,2,Semi-skilled,Services,Wholesale & retail trade,766.0,756.8,9.1,3.0
2018,2,Semi-skilled,Services,Food & beverages and accommodation,346.6,340.3,6.3,0.9
2018,2,Semi-skilled,Services,Transportation & storage,224.6,223.7,0.8,0.2
2018,2,Semi-skilled,Services,Information & communication,72.0,71.8,0.2,0.1
2018,2,Semi-skilled,Services,"Finance, insurance, real estate & business services",431.7,429.6,2.2,0.5
2018,2,Semi-skilled,Services,Other services,226.5,225.2,1.4,0.3
2018,2,Low-skilled,Agriculture,Agriculture,36.0,27.3,8.7,0.1
2018,2,Low-skilled,Mining & Quarrying,Mining & Quarrying,9.5,9.4,0.1,0.0
2018,2,Low-skilled,Manufacturing,"Food processing, beverages & tobacco products",33.1,28.9,4.2,0.0
2018,2,Low-skilled,Manufacturing,"Textiles, wearing apparel & leather products",7.3,6.7,0.6,0.0
2018,2,Low-skilled,Manufacturing,"Wood products, furniture, paper products & printing",36.4,32.8,3.7,0.0
2018,2,Low-skilled,Manufacturing,"Petroleum, chemical, rubber & plastic products",25.7,22.9,2.7,0.1
2018,2,Low-skilled,Manufacturing,"Non-metallic mineral products, basic metal & fabricated metal products",26.6,23.1,3.5,0.0
2018,2,Low-skilled,Manufacturing,"Electrical, electronic & optical products",18.5,16.2,2.3,0.0
2018,2,Low-skilled,Manufacturing,"Transport equipment, other manufacturing & repair",11.7,10.3,1.4,0.0
2018,2,Low-skilled,Construction,Construction,52.7,47.5,5.1,0.1
2018,2,Low-skilled,Services,Wholesale & retail trade,230.4,227.7,2.8,0.3
2018,2,Low-skilled,Services,Food & beverages and accommodation,349.5,345.5,4.1,0.4
2018,2,Low-skilled,Services,Transportation & storage,86.0,84.7,1.2,0.1
2018,2,Low-skilled,Services,Information & communication,20.6,20.6,0.0,0.0
2018,2,Low-skilled,Services,"Finance, insurance, real estate & business services",121.9,121.5,0.4,0.0
2018,2,Low-skilled,Services,Other services,74.1,73.1,1.0,0.1
2018,1,Skilled,Agriculture,Agriculture,31.4,26.3,5.1,0.5
2018,1,Skilled,Mining & Quarrying,Mining & Quarrying,24.5,24.4,0.1,0.1
2018,1,Skilled,Manufacturing,"Food processing, beverages & tobacco products",39.4,36.8,2.5,0.1
2018,1,Skilled,Manufacturing,"Textiles, wearing apparel & leather products",12.6,11.9,0.7,0.0
2018,1,Skilled,Manufacturing,"Wood products, furniture, paper products & printing",40.8,37.7,3.0,0.2
2018,1,Skilled,Manufacturing,"Petroleum, chemical, rubber & plastic products",76.1,70.8,5.4,0.7
2018,1,Skilled,Manufacturing,"Non-metallic mineral products, basic metal & fabricated metal products",60.9,56.6,4.4,0.3
2018,1,Skilled,Manufacturing,"Electrical, electronic & optical products",138.6,129.3,9.4,1.5
2018,1,Skilled,Manufacturing,"Transport equipment, other manufacturing & repair",49.7,46.6,3.1,0.3
2018,1,Skilled,Construction,Construction,155.1,149.0,6.1,2.0
2018,1,Skilled,Services,Wholesale & retail trade,515.7,514.0,1.7,2.6
2018,1,Skilled,Services,Food & beverages and accommodation,108.7,108.2,0.4,0.6
2018,1,Skilled,Services,Transportation & storage,79.8,79.3,0.5,0.2
2018,1,Skilled,Services,Information & communication,131.2,130.5,0.6,0.9
2018,1,Skilled,Services,"Finance, insurance, real estate & business services",387.3,381.0,6.3,1.3
2018,1,Skilled,Services,Other services,203.1,201.9,1.2,1.1
2018,1,Semi-skilled,Agriculture,Agriculture,408.0,392.1,15.9,1.9
2018,1,Semi-skilled,Mining & Quarrying,Mining & Quarrying,47.4,47.2,0.2,0.2
2018,1,Semi-skilled,Manufacturing,"Food processing, beverages & tobacco products",207.8,201.2,6.7,0.3
2018,1,Semi-skilled,Manufacturing,"Textiles, wearing apparel & leather products",76.2,71.9,4.2,0.2
2018,1,Semi-skilled,Manufacturing,"Wood products, furniture, paper products & printing",227.4,218.4,9.0,0.4
2018,1,Semi-skilled,Manufacturing,"Petroleum, chemical, rubber & plastic products",300.8,287.6,13.2,0.8
2018,1,Semi-skilled,Manufacturing,"Non-metallic mineral products, basic metal & fabricated metal products",265.1,257.5,7.5,0.3
2018,1,Semi-skilled,Manufacturing,"Electrical, electronic & optical products",411.5,396.4,15.1,1.9
2018,1,Semi-skilled,Manufacturing,"Transport equipment, other manufacturing & repair",150.9,145.1,5.8,0.4
2018,1,Semi-skilled,Construction,Construction,"1,109.8","1,099.7",10.1,2.4
2018,1,Semi-skilled,Services,Wholesale & retail trade,757.8,748.0,9.8,2.9
2018,1,Semi-skilled,Services,Food & beverages and accommodation,344.7,337.8,6.9,1.1
2018,1,Semi-skilled,Services,Transportation & storage,225.4,224.3,1.2,0.3
2018,1,Semi-skilled,Services,Information & communication,73.6,73.0,0.6,0.1
2018,1,Semi-skilled,Services,"Finance, insurance, real estate & business services",434.7,432.8,1.9,0.6
2018,1,Semi-skilled,Services,Other services,229.0,227.4,1.6,0.4
2018,1,Low-skilled,Agriculture,Agriculture,35.2,26.7,8.5,0.1
2018,1,Low-skilled,Mining & Quarrying,Mining & Quarrying,10.0,9.9,0.1,0.0
2018,1,Low-skilled,Manufacturing,"Food processing, beverages & tobacco products",32.7,29.2,3.5,0.0
2018,1,Low-skilled,Manufacturing,"Textiles, wearing apparel & leather products",7.9,7.2,0.7,0.0
2018,1,Low-skilled,Manufacturing,"Wood products, furniture, paper products & printing",36.2,32.6,3.6,0.0
2018,1,Low-skilled,Manufacturing,"Petroleum, chemical, rubber & plastic products",24.7,22.0,2.7,0.0
2018,1,Low-skilled,Manufacturing,"Non-metallic mineral products, basic metal & fabricated metal products",26.0,22.4,3.6,0.0
2018,1,Low-skilled,Manufacturing,"Electrical, electronic & optical products",18.9,16.4,2.5,0.0
2018,1,Low-skilled,Manufacturing,"Transport equipment, other manufacturing & repair",11.9,10.3,1.6,0.0
2018,1,Low-skilled,Construction,Construction,50.2,45.2,5.0,0.3
2018,1,Low-skilled,Services,Wholesale & retail trade,230.3,226.6,3.7,0.6
2018,1,Low-skilled,Services,Food & beverages and accommodation,348.6,345.3,3.4,0.6
2018,1,Low-skilled,Services,Transportation & storage,88.4,86.4,2.0,0.3
2018,1,Low-skilled,Services,Information & communication,21.0,21.0,0.0,0.0
2018,1,Low-skilled,Services,"Finance, insurance, real estate & business services",125.5,125.0,0.4,0.1
2018,1,Low-skilled,Services,Other services,75.3,74.5,0.8,0.1
